interface_layers,boundary_layers,reset,trial,full_path,reduced_path,failed,failure_reason,n_full_frames,n_reduced_frames,full_final_epoch,reduced_final_epoch,relative_displacement_error,relative_reduced_vs_lammps_error,relative_full_vs_lammps_error,relative_reduced_vs_full_error,relative_detF_error,relative_true_energy_error,relative_reduced_loss_true_error,mean_absolute_position_error,max_absolute_position_error,max_full_displacement,max_reduced_displacement,min_full_detF,min_reduced_detF,full_true_energy,reduced_true_energy,reduced_loss_energy,initial_rep_atoms,final_rep_atoms,rep_atoms_spawned,rep_count_change_events,relative_q_error,energy_outlier,energy_outlier_method,energy_outlier_score,energy_outlier_upper_limit,excluded_from_statistics,exclusion_reason
0,1,False,5,/export/data01/scratch2/mohan227/multiscale_pinn/pinn_history/pinn-history-2d-piecewise-neumann-full-IL0-BL1-TRIAL5.json,/export/data01/scratch2/mohan227/multiscale_pinn/pinn_history/pinn-history-2d-piecewise-neumann-reduced-IL0-BL1-TRIAL5.json,False,,150,150,14900,14900,3.963230165795603,3.963230165795603,0.2157754751464306,4.368215797355431,0.06617961101454883,0.05613302184667323,0.046028471796648165,0.8011895423946148,1.3256754026585764,0.5082848179240056,1.56536361286363,0.9885230625196338,0.8226543020997068,-4193.100107588565,-3957.7287276440084,-4139.896932763155,16,72,56,14,5.507903803410631,True,modified_z,26.673283869826626,0.009193445886047922,True,final_energy_outlier
0,1,False,6,/export/data01/scratch2/mohan227/multiscale_pinn/pinn_history/pinn-history-2d-piecewise-neumann-full-IL0-BL1-TRIAL6.json,/export/data01/scratch2/mohan227/multiscale_pinn/pinn_history/pinn-history-2d-piecewise-neumann-reduced-IL0-BL1-TRIAL6.json,False,,150,150,14900,14900,4.386203764611775,4.386203764611775,0.2140594995965383,4.810292702339418,0.28862407709397564,445307310108826.06,0.9999999803338953,0.8006486674956875,4.945051598514524,0.505399002019008,4.858782725840803,0.9884444418184476,-0.9631064061850949,-4193.10065615476,1.8672183742078257e+18,36720912032.03779,16,72,56,14,25.455801415353257,True,absolute_threshold,2.1984077391574445e+17,0.009193445886047922,True,final_energy_outlier
0,1,False,8,/export/data01/scratch2/mohan227/multiscale_pinn/pinn_history/pinn-history-2d-piecewise-neumann-full-IL0-BL1-TRIAL8.json,/export/data01/scratch2/mohan227/multiscale_pinn/pinn_history/pinn-history-2d-piecewise-neumann-reduced-IL0-BL1-TRIAL8.json,False,,150,150,14900,14900,8.13351235494902,8.13351235494902,0.21419179479474185,9.065880271170546,0.23877750084404065,4987068211.00335,0.9999728831545563,1.5636178547358284,4.438623841853587,0.5086950917069154,4.705338177518405,0.9885586111248267,-0.355018326899068,-4193.101462966604,20911283007279.293,567048029.3364195,16,72,56,14,22.953981111461335,True,absolute_threshold,2462032197066.758,0.009193445886047922,True,final_energy_outlier
0,1,False,10,/export/data01/scratch2/mohan227/multiscale_pinn/pinn_history/pinn-history-2d-piecewise-neumann-full-IL0-BL1-TRIAL10.json,/export/data01/scratch2/mohan227/multiscale_pinn/pinn_history/pinn-history-2d-piecewise-neumann-reduced-IL0-BL1-TRIAL10.json,False,,150,150,14900,14900,3.7092230243969655,3.7092230243969655,0.2143241525535591,3.987284491815064,0.19444380423243784,1173673384705212.2,1.0000000000000009,0.6419969525900888,4.145127163739091,0.5122746254345508,4.069338223248634,0.9885517626718068,-0.09332505907140556,-4193.1016082329625,4.921331756947645e+18,-4510.490304608146,16,72,56,14,17.45560658250416,True,absolute_threshold,5.794229274045576e+17,0.009193445886047922,True,final_energy_outlier
0,2,False,2,/export/data01/scratch2/mohan227/multiscale_pinn/pinn_history/pinn-history-2d-piecewise-neumann-full-IL0-BL2-TRIAL2.json,/export/data01/scratch2/mohan227/multiscale_pinn/pinn_history/pinn-history-2d-piecewise-neumann-reduced-IL0-BL2-TRIAL2.json,False,,150,150,14900,14900,15.810954506009532,15.810954506009532,0.21600272958259664,17.351669753927784,0.23560488212310965,1069703684150.4547,0.9999999999852672,2.8069299536914754,7.905353741530638,0.509392174820675,8.091225146063739,0.9883967003760712,0.11572163102442824,-4193.098195411715,4485372587632342.0,66082.09069736252,16,72,56,14,20.144296630552926,True,absolute_threshold,293139349.1170309,15233.257484117825,True,final_energy_outlier
0,2,False,3,/export/data01/scratch2/mohan227/multiscale_pinn/pinn_history/pinn-history-2d-piecewise-neumann-full-IL0-BL2-TRIAL3.json,/export/data01/scratch2/mohan227/multiscale_pinn/pinn_history/pinn-history-2d-piecewise-neumann-reduced-IL0-BL2-TRIAL3.json,False,,150,150,14900,14900,0.9494381382808907,0.9494381382808907,0.21581036907301848,0.9474271092754678,0.10300801061628075,5926.429730498752,1.0001726520796774,0.12353697311761395,1.7993380832207517,0.5115592065837443,1.6469240604676343,0.9885880428444238,0.06807852502349604,-4193.101328372043,24845927.274129514,-4289.701015391001,16,72,56,14,8.959813911743556,True,absolute_threshold,0.9495764792244548,15233.257484117825,True,final_energy_outlier
0,2,False,4,/export/data01/scratch2/mohan227/multiscale_pinn/pinn_history/pinn-history-2d-piecewise-neumann-full-IL0-BL2-TRIAL4.json,/export/data01/scratch2/mohan227/multiscale_pinn/pinn_history/pinn-history-2d-piecewise-neumann-reduced-IL0-BL2-TRIAL4.json,False,,150,150,14900,14900,6.74639286899116,6.74639286899116,0.21715841593671328,7.532383385095333,0.1779203277706266,6105148865200.859,0.9999999996399966,1.349377201668309,3.345038229984924,0.5117826591398728,3.5490274429156083,0.9887539900964171,-0.3033142033521333,-4193.099740150556,2.559949812024999e+16,9215905.860758994,16,72,56,14,19.173940284358682,True,absolute_threshold,1673042165.3406208,15233.257484117825,True,final_energy_outlier
0,2,False,5,/export/data01/scratch2/mohan227/multiscale_pinn/pinn_history/pinn-history-2d-piecewise-neumann-full-IL0-BL2-TRIAL5.json,/export/data01/scratch2/mohan227/multiscale_pinn/pinn_history/pinn-history-2d-piecewise-neumann-reduced-IL0-BL2-TRIAL5.json,False,,150,150,14900,14900,3.5189192904680904,3.5189192904680904,0.21449862630219196,3.992063265579925,0.15761272707693255,4899.363378282545,1.000213159869314,0.6861423961964171,2.7058075129825836,0.5086747502834491,2.9152898066572246,0.9885666685225651,0.5671124870187357,-4193.101612215157,20539335.378692225,-4378.162045118757,16,72,56,14,14.532665945201058,True,absolute_threshold,0.6681213742805873,15233.257484117825,True,final_energy_outlier
0,2,False,7,/export/data01/scratch2/mohan227/multiscale_pinn/pinn_history/pinn-history-2d-piecewise-neumann-full-IL0-BL2-TRIAL7.json,/export/data01/scratch2/mohan227/multiscale_pinn/pinn_history/pinn-history-2d-piecewise-neumann-reduced-IL0-BL2-TRIAL7.json,False,,150,150,14900,14900,2.1896867960225572,2.1896867960225572,0.21379324290050236,2.4256437499401815,0.25228491699786587,2117167571303.1511,0.9999999999296498,0.35702948073154933,3.364689702666349,0.5113799111294908,3.462201142615688,0.9885987180905655,-0.8453352394735911,-4193.101339468911,8877498179107191.0,624533.7432982476,16,72,56,14,21.013404655608678,True,absolute_threshold,580184151.6727011,15233.257484117825,True,final_energy_outlier
0,2,False,8,/export/data01/scratch2/mohan227/multiscale_pinn/pinn_history/pinn-history-2d-piecewise-neumann-full-IL0-BL2-TRIAL8.json,/export/data01/scratch2/mohan227/multiscale_pinn/pinn_history/pinn-history-2d-piecewise-neumann-reduced-IL0-BL2-TRIAL8.json,False,,150,150,14900,14900,1476.5039508472507,1476.5039508472507,0.21459740106075875,1618.281843788122,19.86505861709596,0.717868609822389,0.01346649366875867,226.1016654788376,760.520377011055,0.5067252856356488,760.6974808378757,0.9886570838179409,0.9281350809534405,-4193.101677735082,-7203.197749974693,-7300.199566869544,16,72,56,14,1620.113029240296,True,absolute_threshold,-0.6742931474615312,15233.257484117825,True,final_energy_outlier
0,2,False,9,/export/data01/scratch2/mohan227/multiscale_pinn/pinn_history/pinn-history-2d-piecewise-neumann-full-IL0-BL2-TRIAL9.json,/export/data01/scratch2/mohan227/multiscale_pinn/pinn_history/pinn-history-2d-piecewise-neumann-reduced-IL0-BL2-TRIAL9.json,False,,150,150,14900,14900,1.6429534846407747,1.6429534846407747,0.21894468290503757,1.7907670165249008,0.09832974980597618,23.239473143952893,1.0456572911050566,0.29587662078577043,1.7220781067021798,0.5085048072574756,1.6619764557593182,0.9885204974630016,0.5077118396153447,-4193.099699476835,93252.328156432,-4257.64869286248,16,72,56,14,8.45475642981537,True,absolute_threshold,-0.6681213742805872,15233.257484117825,True,final_energy_outlier
0,3,False,5,/export/data01/scratch2/mohan227/multiscale_pinn/pinn_history/pinn-history-2d-piecewise-neumann-full-IL0-BL3-TRIAL5.json,/export/data01/scratch2/mohan227/multiscale_pinn/pinn_history/pinn-history-2d-piecewise-neumann-reduced-IL0-BL3-TRIAL5.json,False,,150,150,14900,14900,8.805744544946508,8.805744544946508,0.21645308570700206,9.541799444992716,0.2890111795344453,28180399305.717617,1.0000000000370115,1.4938802846028536,4.053765000526367,0.5062049101593876,4.28309221608664,0.9885615837899757,0.18182672748771772,-4193.101457485038,118163273397121.8,-4373.4008775416005,16,72,56,14,25.731932591095944,True,absolute_threshold,694785889703417.5,0.00020422028611939157,True,final_energy_outlier
0,3,False,6,/export/data01/scratch2/mohan227/multiscale_pinn/pinn_history/pinn-history-2d-piecewise-neumann-full-IL0-BL3-TRIAL6.json,/export/data01/scratch2/mohan227/multiscale_pinn/pinn_history/pinn-history-2d-piecewise-neumann-reduced-IL0-BL3-TRIAL6.json,False,,150,150,14900,14900,2.879307013518789,2.879307013518789,0.21218035240675728,3.1826268473925383,0.15410317962195208,6252078244906.929,0.9999987219173714,0.552145878942192,2.0729311027325266,0.5117287787511351,2.200060898765437,0.9885745596639464,-0.43621917317489434,-4193.100703031134,2.6215593684120708e+16,33505694888.406353,16,72,56,14,13.156960310024362,True,absolute_threshold,1.541445775398119e+17,0.00020422028611939157,True,final_energy_outlier
0,3,False,10,/export/data01/scratch2/mohan227/multiscale_pinn/pinn_history/pinn-history-2d-piecewise-neumann-full-IL0-BL3-TRIAL10.json,/export/data01/scratch2/mohan227/multiscale_pinn/pinn_history/pinn-history-2d-piecewise-neumann-reduced-IL0-BL3-TRIAL10.json,False,,150,150,14900,14900,0.4018920291129129,0.4018920291129129,0.21676927952644745,0.3724276757773747,0.004672899895764032,0.0005399640115174155,0.006676519370725795,0.06766838840357471,0.14201469264701277,0.5067947947906073,0.5401110052203001,0.988668659395722,0.987083045834304,-4193.097459564999,-4190.833337840048,-4218.813517799621,16,72,56,14,0.19622064662758193,True,modified_z,11.77773944692393,0.00020422028611939157,True,final_energy_outlier
1,1,False,3,/export/data01/scratch2/mohan227/multiscale_pinn/pinn_history/pinn-history-2d-piecewise-neumann-full-IL1-BL1-TRIAL3.json,/export/data01/scratch2/mohan227/multiscale_pinn/pinn_history/pinn-history-2d-piecewise-neumann-reduced-IL1-BL1-TRIAL3.json,False,,150,150,14900,14900,0.8510467425763041,0.8510467425763041,0.21571781794760955,0.8464726508352305,0.025595404822114438,0.059140230920337045,0.06483777893518873,0.15754820722120133,0.3676457136717262,0.5087231259499589,0.49284636226815803,0.9885864109497116,0.8051228739416029,-4193.102067791611,-3945.1210432298726,-4200.913929303372,16,72,56,14,2.014368175489073,True,modified_z,1410.158811258501,0.00031111380193428386,True,final_energy_outlier
1,2,False,3,/export/data01/scratch2/mohan227/multiscale_pinn/pinn_history/pinn-history-2d-piecewise-neumann-full-IL1-BL2-TRIAL3.json,/export/data01/scratch2/mohan227/multiscale_pinn/pinn_history/pinn-history-2d-piecewise-neumann-reduced-IL1-BL2-TRIAL3.json,False,,150,150,14900,14900,1.9760619338036916,1.9760619338036916,0.21206960193654598,2.170421839472752,0.11894691504384047,36471350967647.85,0.9999999999511976,0.32446716575111917,1.8966179535132999,0.5087019347206465,2.0176942010024184,0.988594293856527,-0.23391993511749576,-4193.10243800611,1.529281106598165e+17,7463270.425044195,16,72,56,14,10.554359724265913,True,absolute_threshold,4.191116355116573e+17,0.00043256729664349993,True,final_energy_outlier
1,2,False,6,/export/data01/scratch2/mohan227/multiscale_pinn/pinn_history/pinn-history-2d-piecewise-neumann-full-IL1-BL2-TRIAL6.json,/export/data01/scratch2/mohan227/multiscale_pinn/pinn_history/pinn-history-2d-piecewise-neumann-reduced-IL1-BL2-TRIAL6.json,False,,150,150,14900,14900,0.3714353517589893,0.3714353517589893,0.21544512112300224,0.3851222799345076,0.0064798970895870766,0.0010851933641145735,0.0014285458358145008,0.07302247482948475,0.1566083720893225,0.5066500456859712,0.5915599721184445,0.9884954266234729,0.9770819617150833,-4193.097009716342,-4188.546688666309,-4194.530219596518,16,72,56,14,0.36393901713367605,True,modified_z,10.999672242960601,0.00043256729664349993,True,final_energy_outlier
1,3,False,4,/export/data01/scratch2/mohan227/multiscale_pinn/pinn_history/pinn-history-2d-piecewise-neumann-full-IL1-BL3-TRIAL4.json,/export/data01/scratch2/mohan227/multiscale_pinn/pinn_history/pinn-history-2d-piecewise-neumann-reduced-IL1-BL3-TRIAL4.json,False,,150,150,14900,14900,0.7570533634240423,0.7570533634240423,0.2157956711113787,0.7203967491101197,0.014431569901162124,0.011550788523693666,0.012391898865020413,0.12142086994227748,0.32070426382915823,0.5079308108801253,0.41331365636282974,0.9886044891821444,0.875471628134691,-4193.102653858044,-4144.669011845191,-4196.02933106896,16,72,56,14,1.2154409014749148,True,modified_z,799.555204638754,9.716063508147187e-05,True,final_energy_outlier
1,3,False,5,/export/data01/scratch2/mohan227/multiscale_pinn/pinn_history/pinn-history-2d-piecewise-neumann-full-IL1-BL3-TRIAL5.json,/export/data01/scratch2/mohan227/multiscale_pinn/pinn_history/pinn-history-2d-piecewise-neumann-reduced-IL1-BL3-TRIAL5.json,False,,150,150,14900,14900,0.1807604053908198,0.1807604053908198,0.21403843913284137,0.09066463582014218,0.0031796277581538595,0.00024136601576289635,0.00047634241199649176,0.01650331613398973,0.05541497326575495,0.5118456593441602,0.5345111349587878,0.988527519572483,0.9721697962529149,-4193.100407513059,-4192.088335574003,-4194.085205043073,16,72,56,14,0.19899051035876128,True,modified_z,13.522627323391266,9.716063508147187e-05,True,final_energy_outlier
1,3,False,10,/export/data01/scratch2/mohan227/multiscale_pinn/pinn_history/pinn-history-2d-piecewise-neumann-full-IL1-BL3-TRIAL10.json,/export/data01/scratch2/mohan227/multiscale_pinn/pinn_history/pinn-history-2d-piecewise-neumann-reduced-IL1-BL3-TRIAL10.json,False,,150,150,14900,14900,0.2621589229866964,0.2621589229866964,0.21439491245773198,0.15943008429903754,0.002326805493582471,0.00013273040256411812,0.000322393024888866,0.029742749874032044,0.05967454527685839,0.5081538669279029,0.5315398198363961,0.9885093274572054,0.98673849990598,-4193.100916121279,-4192.54436414869,-4193.896011208229,16,72,56,14,0.06810110204528583,True,modified_z,5.972186001476758,9.716063508147187e-05,True,final_energy_outlier
2,1,False,1,/export/data01/scratch2/mohan227/multiscale_pinn/pinn_history/pinn-history-2d-piecewise-neumann-full-IL2-BL1-TRIAL1.json,/export/data01/scratch2/mohan227/multiscale_pinn/pinn_history/pinn-history-2d-piecewise-neumann-reduced-IL2-BL1-TRIAL1.json,False,,150,150,14900,14900,758.4330060946528,758.4330060946528,0.21478634353544315,831.8585468605942,18.53534982951848,0.5964020423910225,0.0011947038511506373,83.3169747517399,601.9258576660028,0.5098991632900604,602.149069807243,0.9885221232872894,0.9698165754808394,-4193.101488124232,-6693.875779594359,-6701.872978767365,16,48,32,9,1514.8704537905649,True,absolute_threshold,2372.3452410645223,0.0010882541749665932,True,final_energy_outlier
2,1,False,5,/export/data01/scratch2/mohan227/multiscale_pinn/pinn_history/pinn-history-2d-piecewise-neumann-full-IL2-BL1-TRIAL5.json,/export/data01/scratch2/mohan227/multiscale_pinn/pinn_history/pinn-history-2d-piecewise-neumann-reduced-IL2-BL1-TRIAL5.json,False,,150,150,14900,14900,295.6138522979222,295.6138522979222,0.21625654367294594,324.7217985282866,11.660859796055897,0.28309245225524926,0.002878623814342569,25.17510460174299,298.695982293614,0.5089097973113813,298.9816019415034,0.9885878847883341,0.9493873417357501,-4193.100887583238,-5380.136100402839,-5364.648712499815,16,44,28,8,969.2496271110948,True,absolute_threshold,1125.638132537676,0.0010882541749665932,True,final_energy_outlier
2,1,False,6,/export/data01/scratch2/mohan227/multiscale_pinn/pinn_history/pinn-history-2d-piecewise-neumann-full-IL2-BL1-TRIAL6.json,/export/data01/scratch2/mohan227/multiscale_pinn/pinn_history/pinn-history-2d-piecewise-neumann-reduced-IL2-BL1-TRIAL6.json,False,,150,150,14900,14900,5.942250799847374,5.942250799847374,0.21461230146159607,6.55034287020299,0.2056704341154075,0.005106958410436124,0.0072084496855623304,0.5285963742009014,6.2755113809249705,0.5107497965970896,6.58528872327553,0.9884255307496892,0.8970473748101688,-4193.100336322553,-4171.686347294168,-4201.757738432585,16,26,10,3,17.505806867044097,True,modified_z,19.491043029533998,0.0010882541749665932,True,final_energy_outlier
2,2,False,3,/export/data01/scratch2/mohan227/multiscale_pinn/pinn_history/pinn-history-2d-piecewise-neumann-full-IL2-BL2-TRIAL3.json,/export/data01/scratch2/mohan227/multiscale_pinn/pinn_history/pinn-history-2d-piecewise-neumann-reduced-IL2-BL2-TRIAL3.json,False,,150,150,14900,14900,15919.949819531823,15919.949819531823,0.21451497421061758,17443.03319502052,221.1855625254117,10.292261694819638,0.011327265238782611,2332.586860117455,9070.25303332511,0.5103492774465578,9070.465422235644,0.9885453616834892,0.9259624238105016,-4193.102301026691,-47349.60849634378,-47885.95007073438,16,48,32,8,18083.340973249513,True,absolute_threshold,23189.56839827835,0.0018687646078152018,True,final_energy_outlier
2,2,False,4,/export/data01/scratch2/mohan227/multiscale_pinn/pinn_history/pinn-history-2d-piecewise-neumann-full-IL2-BL2-TRIAL4.json,/export/data01/scratch2/mohan227/multiscale_pinn/pinn_history/pinn-history-2d-piecewise-neumann-reduced-IL2-BL2-TRIAL4.json,False,,150,150,14900,14900,5769.998368922636,5769.998368922636,0.21516954619020298,6323.839779524575,95.79594073591683,4.053503274451989,0.0003296675430990495,776.8749216521644,3799.0887130031365,0.5082601290580531,3799.3116910614003,0.9886804371878163,0.9461249799033267,-4193.101648619338,-21189.85291140786,-21196.838518155793,16,41,25,7,7784.896202759184,True,absolute_threshold,9132.546432645624,0.0018687646078152018,True,final_energy_outlier
2,2,False,9,/export/data01/scratch2/mohan227/multiscale_pinn/pinn_history/pinn-history-2d-piecewise-neumann-full-IL2-BL2-TRIAL9.json,/export/data01/scratch2/mohan227/multiscale_pinn/pinn_history/pinn-history-2d-piecewise-neumann-reduced-IL2-BL2-TRIAL9.json,False,,150,150,14900,14900,15841.724400622245,15841.724400622245,0.2159329827131721,17395.343649191705,234.87389375251934,10.54772689680609,0.006891639216025903,2271.553674664863,9123.323939290842,0.5074745640411674,9123.511721175302,0.9885750322162793,0.8867751825043365,-4193.1025006085665,-48420.80252734242,-48754.5012289113,16,32,16,4,18925.462404595302,True,absolute_threshold,23765.176510311434,0.0018687646078152018,True,final_energy_outlier
2,2,False,10,/export/data01/scratch2/mohan227/multiscale_pinn/pinn_history/pinn-history-2d-piecewise-neumann-full-IL2-BL2-TRIAL10.json,/export/data01/scratch2/mohan227/multiscale_pinn/pinn_history/pinn-history-2d-piecewise-neumann-reduced-IL2-BL2-TRIAL10.json,False,,150,150,14900,14900,96061.00145008125,96061.00145008125,0.21344018317985688,105384.54992318623,1337.8851616760385,62.514536134853266,0.0008294975511775956,14280.7052492312,59142.12967950143,0.5122264103470728,59142.33936034379,0.988438971265868,0.884776280280138,-4193.101400679614,-266322.8904305692,-266543.8046160039,16,48,32,8,106282.43465659131,True,absolute_threshold,140855.55406976605,0.0018687646078152018,True,final_energy_outlier
2,3,False,2,/export/data01/scratch2/mohan227/multiscale_pinn/pinn_history/pinn-history-2d-piecewise-neumann-full-IL2-BL3-TRIAL2.json,/export/data01/scratch2/mohan227/multiscale_pinn/pinn_history/pinn-history-2d-piecewise-neumann-reduced-IL2-BL3-TRIAL2.json,False,,150,150,14900,14900,3974.547568639084,3974.547568639084,0.21311583364238285,4350.589005544808,66.03432766941488,2.8096236316717333,0.002658904491659896,533.9533201507352,2498.793537759691,0.5117334329396479,2498.979317460649,0.9885950396651504,0.9236886356287606,-4193.101630370267,-15974.139061059843,-16016.612771159695,16,24,8,2,5434.517997721807,True,absolute_threshold,2501.2811250092814,0.004699371808702254,True,final_energy_outlier
2,3,False,9,/export/data01/scratch2/mohan227/multiscale_pinn/pinn_history/pinn-history-2d-piecewise-neumann-full-IL2-BL3-TRIAL9.json,/export/data01/scratch2/mohan227/multiscale_pinn/pinn_history/pinn-history-2d-piecewise-neumann-reduced-IL2-BL3-TRIAL9.json,False,,150,150,14900,14900,105505.08404535333,105505.08404535333,0.21531649028663186,116042.72688190856,1428.3702745016828,7134406558.920938,1.0000000097692312,15808.381972029865,58906.33818728983,0.5124432609190787,58906.56631036581,0.9887858992111569,-1205.0816534014587,-4193.098018958972,29915266004466.18,-292249.1531692983,16,40,24,6,116020.24661575441,True,absolute_threshold,6353179048721.766,0.004699371808702254,True,final_energy_outlier
2,3,False,10,/export/data01/scratch2/mohan227/multiscale_pinn/pinn_history/pinn-history-2d-piecewise-neumann-full-IL2-BL3-TRIAL10.json,/export/data01/scratch2/mohan227/multiscale_pinn/pinn_history/pinn-history-2d-piecewise-neumann-reduced-IL2-BL3-TRIAL10.json,False,,150,150,14900,14900,160628.92469607192,160628.92469607192,0.21670890388737915,176793.056267054,2107.283553764438,102.76441537104216,0.0014362159605093951,24523.41152257943,87463.12880730965,0.5085600549878388,87463.2928651752,0.9884707297974529,0.9042126172049372,-4193.099170615084,-435094.484031676,-435719.3736739719,16,44,28,7,169938.11469835474,True,absolute_threshold,91510.88317858652,0.004699371808702254,True,final_energy_outlier
3,1,False,1,/export/data01/scratch2/mohan227/multiscale_pinn/pinn_history/pinn-history-2d-piecewise-neumann-full-IL3-BL1-TRIAL1.json,/export/data01/scratch2/mohan227/multiscale_pinn/pinn_history/pinn-history-2d-piecewise-neumann-reduced-IL3-BL1-TRIAL1.json,False,,150,150,14900,14900,6.988675531449278,6.988675531449278,0.21596040887658413,7.666514161928678,0.26055125205184704,0.005844595857322514,0.009208871115618734,0.7211053600142341,4.878168424641957,0.5087382964985957,5.099307770957313,0.9886180536072364,0.9807918567049856,-4193.09741870392,-4168.590458901213,-4206.978471171033,16,27,11,3,21.001676722343966,True,modified_z,177.70748876604927,0.0001624992606611173,True,final_energy_outlier
3,1,False,2,/export/data01/scratch2/mohan227/multiscale_pinn/pinn_history/pinn-history-2d-piecewise-neumann-full-IL3-BL1-TRIAL2.json,/export/data01/scratch2/mohan227/multiscale_pinn/pinn_history/pinn-history-2d-piecewise-neumann-reduced-IL3-BL1-TRIAL2.json,False,,150,150,14900,14900,1347.6255178914994,1347.6255178914994,0.21407280320885408,1476.144706869548,28.14968051174496,1.0274951123190381,0.002271563289031664,160.28842359782362,968.5945189991075,0.5107570197838592,968.7996819485046,0.9885643336828699,0.955637075379974,-4193.1014762288805,-8501.492748511799,-8520.804427341287,16,33,17,5,2335.6421664219556,True,absolute_threshold,31500.506712895243,0.0001624992606611173,True,final_energy_outlier
3,2,False,3,/export/data01/scratch2/mohan227/multiscale_pinn/pinn_history/pinn-history-2d-piecewise-neumann-full-IL3-BL2-TRIAL3.json,/export/data01/scratch2/mohan227/multiscale_pinn/pinn_history/pinn-history-2d-piecewise-neumann-reduced-IL3-BL2-TRIAL3.json,False,,150,150,14900,14900,1302.8228837352374,1302.8228837352374,0.21503003555641106,1429.9206056741457,27.328296530213642,0.9654946008666605,0.0007672797696532068,154.98884756890206,950.227416496037,0.5099055677737363,950.4887435616641,0.9885545981610278,0.9667294384156334,-4193.101223368682,-8241.517815418534,-8247.841365309541,16,48,32,8,2222.86510722151,True,absolute_threshold,5001.520495433873,0.0008188525584531376,True,final_energy_outlier
3,2,False,5,/export/data01/scratch2/mohan227/multiscale_pinn/pinn_history/pinn-history-2d-piecewise-neumann-full-IL3-BL2-TRIAL5.json,/export/data01/scratch2/mohan227/multiscale_pinn/pinn_history/pinn-history-2d-piecewise-neumann-reduced-IL3-BL2-TRIAL5.json,False,,150,150,14900,14900,106315.06509294859,106315.06509294859,0.21558494894770497,116707.92783465867,1460.5228815577725,67.17370732737464,0.0009461630264753617,15814.731059077863,57027.8190637165,0.5124736731209067,57027.99792286242,0.9887021606145944,0.9643225715676874,-4193.099357411908,-285859.1283868021,-286129.59772486216,16,44,28,7,116480.20248751031,True,absolute_threshold,348028.70320782566,0.0008188525584531376,True,final_energy_outlier
3,2,False,7,/export/data01/scratch2/mohan227/multiscale_pinn/pinn_history/pinn-history-2d-piecewise-neumann-full-IL3-BL2-TRIAL7.json,/export/data01/scratch2/mohan227/multiscale_pinn/pinn_history/pinn-history-2d-piecewise-neumann-reduced-IL3-BL2-TRIAL7.json,False,,150,150,14900,14900,4440.73617712899,4440.73617712899,0.21419877372461074,4868.814584299469,69.91343227687139,3.0315449130580414,0.0017334547188897354,617.0883259878653,2676.7127595533657,0.5078968373768428,2676.895752906623,0.988519850669298,0.930901028627971,-4193.099743371887,-16904.66994033591,-16933.973420215258,16,28,12,3,5696.354690179466,True,absolute_threshold,15705.80307228884,0.0008188525584531376,True,final_energy_outlier
3,3,False,2,/export/data01/scratch2/mohan227/multiscale_pinn/pinn_history/pinn-history-2d-piecewise-neumann-full-IL3-BL3-TRIAL2.json,/export/data01/scratch2/mohan227/multiscale_pinn/pinn_history/pinn-history-2d-piecewise-neumann-reduced-IL3-BL3-TRIAL2.json,False,,150,150,14900,14900,10047.432691328466,10047.432691328466,0.21540485772835863,11027.616712469391,159.18318816011717,7.136555613928663,0.0001117323129238802,1356.7481316021538,6218.322473081102,0.506777205414559,6218.500794997756,0.9884262529173221,-10.738755838711374,-4193.098639600039,-34117.380275794334,-34121.19228960345,16,32,16,4,13479.606664052992,True,absolute_threshold,-0.4261484169210629,115.27447040605179,True,final_energy_outlier
3,3,False,3,/export/data01/scratch2/mohan227/multiscale_pinn/pinn_history/pinn-history-2d-piecewise-neumann-full-IL3-BL3-TRIAL3.json,/export/data01/scratch2/mohan227/multiscale_pinn/pinn_history/pinn-history-2d-piecewise-neumann-reduced-IL3-BL3-TRIAL3.json,False,,150,150,14900,14900,39476.27643238056,39476.27643238056,0.21361104467764794,43183.08702834927,517.839852980968,25.843852446453507,0.00040078206884021686,5769.454712378933,23183.418086247406,0.510304938716677,23183.643975652216,0.9886203948900131,-285.951959738007,-4193.101413368308,-112558.99563347452,-112604.10726061108,16,36,20,5,45101.138255408005,True,absolute_threshold,0.25305483926415645,115.27447040605179,True,final_energy_outlier
3,3,False,4,/export/data01/scratch2/mohan227/multiscale_pinn/pinn_history/pinn-history-2d-piecewise-neumann-full-IL3-BL3-TRIAL4.json,/export/data01/scratch2/mohan227/multiscale_pinn/pinn_history/pinn-history-2d-piecewise-neumann-reduced-IL3-BL3-TRIAL4.json,False,,150,150,14900,14900,131416.4220946169,131416.4220946169,0.2147746847939913,144109.12515677983,1708.7875987706132,84.51315411195439,0.00025662649374802123,19910.218063688735,73146.90040751718,0.5081339750255455,73147.11376507003,0.9886321631168209,0.947795918593368,-4193.102103888537,-358565.3864169807,-358657.4037948763,16,48,32,8,140004.19978601416,True,absolute_threshold,2.3831531151433314,115.27447040605179,True,final_energy_outlier
3,3,False,6,/export/data01/scratch2/mohan227/multiscale_pinn/pinn_history/pinn-history-2d-piecewise-neumann-full-IL3-BL3-TRIAL6.json,/export/data01/scratch2/mohan227/multiscale_pinn/pinn_history/pinn-history-2d-piecewise-neumann-reduced-IL3-BL3-TRIAL6.json,False,,150,150,14900,14900,47951.48569050777,47951.48569050777,0.21545767658142775,52624.839896524456,620.0768829337815,30.264057086717923,0.0068978779109907075,7280.155925841235,27138.203752626217,0.5107427147220998,27138.478708039227,0.9885780838981026,0.7683269492419167,-4193.1010631903855,-131093.35100996183,-131997.6169401712,16,40,24,6,50939.236983727584,True,absolute_threshold,0.41353860191301217,115.27447040605179,True,final_energy_outlier
3,3,False,7,/export/data01/scratch2/mohan227/multiscale_pinn/pinn_history/pinn-history-2d-piecewise-neumann-full-IL3-BL3-TRIAL7.json,/export/data01/scratch2/mohan227/multiscale_pinn/pinn_history/pinn-history-2d-piecewise-neumann-reduced-IL3-BL3-TRIAL7.json,False,,150,150,14900,14900,73006.05097422801,73006.05097422801,0.2154669351780918,80145.68942905236,1063.6787633368763,48.63024373925338,0.0003511619808647171,10543.344736322006,41378.08685264172,0.5112887570654187,41378.29455654834,0.9885976691503449,0.9331864612207919,-4193.101147884441,-208104.63199284795,-208177.71042764568,16,36,20,5,85515.5290957159,True,absolute_threshold,1.080357217653338,115.27447040605179,True,final_energy_outlier
3,3,False,8,/export/data01/scratch2/mohan227/multiscale_pinn/pinn_history/pinn-history-2d-piecewise-neumann-full-IL3-BL3-TRIAL8.json,/export/data01/scratch2/mohan227/multiscale_pinn/pinn_history/pinn-history-2d-piecewise-neumann-reduced-IL3-BL3-TRIAL8.json,False,,150,150,14900,14900,17975.07357482078,17975.07357482078,0.2140059398875165,19720.648506228034,251.35092913693882,11.904072417688512,0.0023743596949388763,2619.5486312902735,10782.152489682208,0.5094617313105947,10782.378658239382,0.9885067195423156,0.9292499836676318,-4193.101120622066,-54108.080515197995,-54236.55256074379,16,32,16,4,20831.781780629717,True,absolute_threshold,-0.2530548392641565,115.27447040605179,True,final_energy_outlier
3,3,False,9,/export/data01/scratch2/mohan227/multiscale_pinn/pinn_history/pinn-history-2d-piecewise-neumann-full-IL3-BL3-TRIAL9.json,/export/data01/scratch2/mohan227/multiscale_pinn/pinn_history/pinn-history-2d-piecewise-neumann-reduced-IL3-BL3-TRIAL9.json,False,,150,150,14900,14900,151118.27133875398,151118.27133875398,0.21412677803444072,165602.96682188901,1898.0154760363207,94.55818079788916,0.0007188193101305088,23341.94046888838,80418.00372896163,0.5123518805727276,80418.20998667109,0.9885392184747136,-501.39886927437175,-4193.101699258427,-400685.1702816731,-400973.1905193545,16,44,28,7,154140.76644389227,True,absolute_threshold,2.747856519094906,115.27447040605179,True,final_energy_outlier
3,3,False,10,/export/data01/scratch2/mohan227/multiscale_pinn/pinn_history/pinn-history-2d-piecewise-neumann-full-IL3-BL3-TRIAL10.json,/export/data01/scratch2/mohan227/multiscale_pinn/pinn_history/pinn-history-2d-piecewise-neumann-reduced-IL3-BL3-TRIAL10.json,False,,150,150,14900,14900,859.078340874534,859.078340874534,0.21482186210466472,943.100335884347,17.140218948588473,0.5929622594822874,0.00027765783573924696,103.80803605768918,576.1102614981028,0.5111311105006752,576.3309441940396,0.9885378109185463,0.9405600518564728,-4193.100606997957,-6679.451017160016,-6681.305619073367,16,24,8,2,1397.005428478884,True,absolute_threshold,-0.6637257619153849,115.27447040605179,True,final_energy_outlier
0,1,True,2,/export/data01/scratch2/mohan227/multiscale_pinn/pinn_history/pinn-history-2d-piecewise-neumann-full-IL0-BL1-RESET-TRIAL2.json,/export/data01/scratch2/mohan227/multiscale_pinn/pinn_history/pinn-history-2d-piecewise-neumann-reduced-IL0-BL1-RESET-TRIAL2.json,False,,150,150,14900,14900,27.355789010494508,27.355789010494508,0.21225773167323678,29.851554159354034,0.33739210815746234,3.689204882989892e+20,1.0,5.224016372835837,14.376973893409332,0.510724216569159,14.573140071744112,0.988645795943561,-0.46371045839971364,-4193.105557149,1.546922549632614e+24,1031060.6413897654,16,72,56,14,28.95129949110623,True,absolute_threshold,54513230106370.836,28251028.1356678,True,final_energy_outlier
0,1,True,3,/export/data01/scratch2/mohan227/multiscale_pinn/pinn_history/pinn-history-2d-piecewise-neumann-full-IL0-BL1-RESET-TRIAL3.json,/export/data01/scratch2/mohan227/multiscale_pinn/pinn_history/pinn-history-2d-piecewise-neumann-reduced-IL0-BL1-RESET-TRIAL3.json,False,,150,150,14900,14900,2.3729971932308915,2.3729971932308915,0.20982838184484473,2.555439250821739,0.09553496797799338,2.6694560632769684e+18,0.999999999937045,0.4408867417706587,1.6806055005473035,0.5128212251158714,1.7894410160768703,0.9887064053354676,-0.05787289399503207,-4193.106642571611,1.1193313950979718e+22,704675560787.9999,16,72,56,14,8.194476210048938,True,absolute_threshold,394449962123.2229,28251028.1356678,True,final_energy_outlier
0,1,True,4,/export/data01/scratch2/mohan227/multiscale_pinn/pinn_history/pinn-history-2d-piecewise-neumann-full-IL0-BL1-RESET-TRIAL4.json,/export/data01/scratch2/mohan227/multiscale_pinn/pinn_history/pinn-history-2d-piecewise-neumann-reduced-IL0-BL1-RESET-TRIAL4.json,False,,150,150,14900,14900,5.625309097379406,5.625309097379406,0.20874579337828406,6.014491676692956,0.2094811525833814,1504079480491.07,1.0000000000001563,1.0378295909490425,3.324667297560543,0.5160756434417689,3.56234360591186,0.9887754393424446,-0.5783083104138778,-4193.110369614683,6306771266367578.0,-985.617873146104,16,72,56,14,17.40515957200262,True,absolute_threshold,222248.3830140198,28251028.1356678,True,final_energy_outlier
0,1,True,5,/export/data01/scratch2/mohan227/multiscale_pinn/pinn_history/pinn-history-2d-piecewise-neumann-full-IL0-BL1-RESET-TRIAL5.json,/export/data01/scratch2/mohan227/multiscale_pinn/pinn_history/pinn-history-2d-piecewise-neumann-reduced-IL0-BL1-RESET-TRIAL5.json,False,,150,150,14900,14900,3.5561762379171613,3.5561762379171613,0.2127582615860895,3.9793100073393104,0.09919168816480717,27943442878.570248,0.9999908885149351,0.7745827724717496,1.575953393675519,0.5111617903702922,1.643726560813856,0.9886325512906322,0.0660128910574611,-4193.1027611152995,117169727485007.45,1067590222.0246143,16,72,56,14,8.292086020206716,True,absolute_threshold,4128.365181174099,28251028.1356678,True,final_energy_outlier
0,1,True,6,/export/data01/scratch2/mohan227/multiscale_pinn/pinn_history/pinn-history-2d-piecewise-neumann-full-IL0-BL1-RESET-TRIAL6.json,/export/data01/scratch2/mohan227/multiscale_pinn/pinn_history/pinn-history-2d-piecewise-neumann-reduced-IL0-BL1-RESET-TRIAL6.json,False,,150,150,14900,14900,7.064666070794273,7.064666070794273,0.20904651892151452,7.70960842250152,0.13523034549700255,8201808.443323287,0.9999800902883074,1.2408435538125853,4.362297549738373,0.5136208527249596,4.510528543718512,0.9887239295898842,0.028339278776685958,-4193.107318572044,34391058816.117546,684716.065832275,16,72,56,14,11.2967375770252,True,absolute_threshold,0.5374436736183672,28251028.1356678,True,final_energy_outlier
0,1,True,8,/export/data01/scratch2/mohan227/multiscale_pinn/pinn_history/pinn-history-2d-piecewise-neumann-full-IL0-BL1-RESET-TRIAL8.json,/export/data01/scratch2/mohan227/multiscale_pinn/pinn_history/pinn-history-2d-piecewise-neumann-reduced-IL0-BL1-RESET-TRIAL8.json,False,,150,150,14900,14900,4.411286965751911,4.411286965751911,0.21196803960212124,4.672081483448869,0.0730662004148435,0.11290934310247562,0.10956988459751434,0.9175592913168301,1.4703399786118505,0.5097377184925387,1.4888961795606734,0.9887423087180838,0.7823754341204345,-4193.108709983752,-3719.667559982218,-4127.231105270587,16,72,56,14,6.900165198568652,True,absolute_threshold,-0.6744897347583861,28251028.1356678,True,final_energy_outlier
0,1,True,9,/export/data01/scratch2/mohan227/multiscale_pinn/pinn_history/pinn-history-2d-piecewise-neumann-full-IL0-BL1-RESET-TRIAL9.json,/export/data01/scratch2/mohan227/multiscale_pinn/pinn_history/pinn-history-2d-piecewise-neumann-reduced-IL0-BL1-RESET-TRIAL9.json,False,,150,150,14900,14900,8.662692649204397,8.662692649204397,0.213546428372935,9.572852752243836,0.15983110976713424,927464.8714014215,0.9989574288397925,1.5908849650428099,5.455213889417735,0.5125274754500446,5.5501645091397664,0.9885372115886942,-0.3543259873292557,-4193.104672770995,3888953092.999578,4054510.338161162,16,72,56,14,14.735979275995946,True,absolute_threshold,-0.5374436736183671,28251028.1356678,True,final_energy_outlier
0,2,True,1,/export/data01/scratch2/mohan227/multiscale_pinn/pinn_history/pinn-history-2d-piecewise-neumann-full-IL0-BL2-RESET-TRIAL1.json,/export/data01/scratch2/mohan227/multiscale_pinn/pinn_history/pinn-history-2d-piecewise-neumann-reduced-IL0-BL2-RESET-TRIAL1.json,False,,150,150,14900,14900,19.891232726304303,19.891232726304303,0.21010292970898814,21.526830705503265,0.2881638344567394,63078667609.72455,0.9999999999566589,3.8412093804274923,8.940063789910976,0.5110163593347983,9.064596319499667,0.9886796066733272,-0.8636711893521484,-4193.107807701694,264495653649562.84,11463.533826277868,16,72,56,14,25.604122468105594,True,absolute_threshold,179.40219540906648,1462272870.917855,True,final_energy_outlier
0,2,True,2,/export/data01/scratch2/mohan227/multiscale_pinn/pinn_history/pinn-history-2d-piecewise-neumann-full-IL0-BL2-RESET-TRIAL2.json,/export/data01/scratch2/mohan227/multiscale_pinn/pinn_history/pinn-history-2d-piecewise-neumann-reduced-IL0-BL2-RESET-TRIAL2.json,False,,150,150,14900,14900,9.63320520902554,9.63320520902554,0.21109216302267275,10.652444692302197,0.18131214188596426,488819.39925988065,0.9943624557978347,1.9266427671453992,5.0130614478046,0.5128758076561811,5.269623745786187,0.9886807953286286,-0.4929032133412962,-4193.106101608454,2049667412.515083,11555090.637791703,16,72,56,14,16.47373241440824,True,absolute_threshold,-0.6730942708684126,1462272870.917855,True,final_energy_outlier
0,2,True,3,/export/data01/scratch2/mohan227/multiscale_pinn/pinn_history/pinn-history-2d-piecewise-neumann-full-IL0-BL2-RESET-TRIAL3.json,/export/data01/scratch2/mohan227/multiscale_pinn/pinn_history/pinn-history-2d-piecewise-neumann-reduced-IL0-BL2-RESET-TRIAL3.json,False,,150,150,14900,14900,161.03541434211897,161.03541434211897,0.21231634985997092,175.8293059525121,3.1711640355592565,15193726.985249527,1.0000000202080224,27.121393142845417,59.001299250892124,0.5107168672963255,59.01597148091168,0.9886591341100956,0.10796012429956958,-4193.105774531799,63708900165.40364,-1287.4308883262731,16,72,56,14,258.1547532350206,True,absolute_threshold,-0.6311147694933682,1462272870.917855,True,final_energy_outlier
0,2,True,5,/export/data01/scratch2/mohan227/multiscale_pinn/pinn_history/pinn-history-2d-piecewise-neumann-full-IL0-BL2-RESET-TRIAL5.json,/export/data01/scratch2/mohan227/multiscale_pinn/pinn_history/pinn-history-2d-piecewise-neumann-reduced-IL0-BL2-RESET-TRIAL5.json,False,,150,150,14900,14900,1.2605724638916171,1.2605724638916171,0.21056202674692112,1.3031251463848261,0.045098105036768615,197.03058504599556,1.0051456050084286,0.182012833358762,0.953703965047008,0.5144707354645545,1.0105708392801003,0.9887046691356227,0.42819135123674357,-4193.107323181206,821977.2817238602,-4229.570417652817,16,72,56,14,4.137972734187524,True,absolute_threshold,-0.6744891877203353,1462272870.917855,True,final_energy_outlier
0,2,True,6,/export/data01/scratch2/mohan227/multiscale_pinn/pinn_history/pinn-history-2d-piecewise-neumann-full-IL0-BL2-RESET-TRIAL6.json,/export/data01/scratch2/mohan227/multiscale_pinn/pinn_history/pinn-history-2d-piecewise-neumann-reduced-IL0-BL2-RESET-TRIAL6.json,False,,150,150,14900,14900,0.7252799055939041,0.7252799055939041,0.20926552079916716,0.7777029545513268,0.06650712977676405,457337347.4461688,1.0000000022238484,0.09589148740903941,1.5780724582328935,0.5151331809287181,1.7042787110030806,0.98867699138724,0.15092815321818723,-4193.107554477908,1917664682328.3103,-4264.595574460365,16,72,56,14,5.655867626476822,True,absolute_threshold,0.6311147694933682,1462272870.917855,True,final_energy_outlier
0,2,True,7,/export/data01/scratch2/mohan227/multiscale_pinn/pinn_history/pinn-history-2d-piecewise-neumann-full-IL0-BL2-RESET-TRIAL7.json,/export/data01/scratch2/mohan227/multiscale_pinn/pinn_history/pinn-history-2d-piecewise-neumann-reduced-IL0-BL2-RESET-TRIAL7.json,False,,150,150,14900,14900,7.251064145813678,7.251064145813678,0.21160235125023202,8.035606533610054,0.1217827723128248,3766584672972.5596,0.9999873874879835,1.345930606181056,3.9236971544426043,0.5104454767743377,4.244105417873614,0.9886742133495829,-0.08646183517796587,-4193.104491428087,1.579368310958124e+16,199198018004.0066,16,72,56,14,14.365190952243756,True,absolute_threshold,10752.153811525466,1462272870.917855,True,final_energy_outlier
0,2,True,8,/export/data01/scratch2/mohan227/multiscale_pinn/pinn_history/pinn-history-2d-piecewise-neumann-full-IL0-BL2-RESET-TRIAL8.json,/export/data01/scratch2/mohan227/multiscale_pinn/pinn_history/pinn-history-2d-piecewise-neumann-reduced-IL0-BL2-RESET-TRIAL8.json,False,,150,150,14900,14900,3.750067248394304,3.750067248394304,0.2111741776887821,4.046544708631501,0.13149978129981543,1.3472772476946496e+17,1.0,0.7199306757676756,1.973782892982159,0.510509193280632,2.145076564613183,0.9886689059774976,0.041064564704053716,-4193.1068750765435,5.649277489942638e+20,8034.833958584147,16,72,56,14,10.257166534246613,True,absolute_threshold,384620077.6322262,1462272870.917855,True,final_energy_outlier
0,2,True,9,/export/data01/scratch2/mohan227/multiscale_pinn/pinn_history/pinn-history-2d-piecewise-neumann-full-IL0-BL2-RESET-TRIAL9.json,/export/data01/scratch2/mohan227/multiscale_pinn/pinn_history/pinn-history-2d-piecewise-neumann-reduced-IL0-BL2-RESET-TRIAL9.json,False,,150,150,14900,14900,5.9683626290082845,5.9683626290082845,0.21304117293446603,6.439655784058733,0.5665683936061717,1133229971.7611406,0.9984484913445685,1.0215786930673787,7.1183150152422705,0.5113751715329415,7.2269214758975515,0.9885621704111245,-2.607656180739341,-4193.107757233553,4751755381128.091,7372389602.313544,16,72,56,14,46.283303478593794,True,absolute_threshold,2.560649871015951,1462272870.917855,True,final_energy_outlier
0,3,True,1,/export/data01/scratch2/mohan227/multiscale_pinn/pinn_history/pinn-history-2d-piecewise-neumann-full-IL0-BL3-RESET-TRIAL1.json,/export/data01/scratch2/mohan227/multiscale_pinn/pinn_history/pinn-history-2d-piecewise-neumann-reduced-IL0-BL3-RESET-TRIAL1.json,False,,150,150,14900,14900,3.065464470069406,3.065464470069406,0.2104121823521478,3.3034807856725656,0.15212554511550452,24350193582.411148,0.9999945938519686,0.5958310884666922,1.913925393064743,0.5122860398028789,1.9371704467424142,0.9886682575209096,-0.5298317957517277,-4193.106878434189,102102964197419.11,551983738.8932184,16,72,56,14,13.70707007025663,True,absolute_threshold,3468.08436975322,29392141.959535804,True,final_energy_outlier
0,3,True,2,/export/data01/scratch2/mohan227/multiscale_pinn/pinn_history/pinn-history-2d-piecewise-neumann-full-IL0-BL3-RESET-TRIAL2.json,/export/data01/scratch2/mohan227/multiscale_pinn/pinn_history/pinn-history-2d-piecewise-neumann-reduced-IL0-BL3-RESET-TRIAL2.json,False,,150,150,14900,14900,6.26459877866409,6.26459877866409,0.21091347419093057,6.9132362320660095,0.1709976381850017,5246190.69789256,0.9999886229410896,1.270075863871559,3.4267512991957707,0.511076052977772,3.894288974823845,0.9887040717003555,-0.3329255247371341,-4193.104830648104,21997823364.72961,250270.53232165624,16,72,56,14,16.345218565780577,True,absolute_threshold,0.06032365797075332,29392141.959535804,True,final_energy_outlier
0,3,True,3,/export/data01/scratch2/mohan227/multiscale_pinn/pinn_history/pinn-history-2d-piecewise-neumann-full-IL0-BL3-RESET-TRIAL3.json,/export/data01/scratch2/mohan227/multiscale_pinn/pinn_history/pinn-history-2d-piecewise-neumann-reduced-IL0-BL3-RESET-TRIAL3.json,False,,150,150,14900,14900,7.615015110868601,7.615015110868601,0.21443686565453246,8.36343077237778,0.1633417435673205,1.3648415994591039,3.474664491871876,1.5449748701273605,3.8973193001256785,0.5093498539819272,3.9234474420849152,0.9886626126029113,0.5664745637112684,-4193.105828170628,1529.8194370510632,-3785.789839845689,16,72,56,14,14.016201395783305,True,absolute_threshold,-0.6870146075283182,29392141.959535804,True,final_energy_outlier
0,3,True,4,/export/data01/scratch2/mohan227/multiscale_pinn/pinn_history/pinn-history-2d-piecewise-neumann-full-IL0-BL3-RESET-TRIAL4.json,/export/data01/scratch2/mohan227/multiscale_pinn/pinn_history/pinn-history-2d-piecewise-neumann-reduced-IL0-BL3-RESET-TRIAL4.json,False,,150,150,14900,14900,2.101944232277467,2.101944232277467,0.21219415191522598,2.248678532746027,0.14852290200625148,528611536684.01654,0.999999979152487,0.31397120469461465,3.073321337906754,0.5102353073715695,3.2443467748564014,0.9886296018887791,-0.32005252514221505,-4193.106066679215,2216524241382179.0,46209017.97174914,16,72,56,14,13.242534527129218,True,absolute_threshold,75301.90003812977,29392141.959535804,True,final_energy_outlier
0,3,True,5,/export/data01/scratch2/mohan227/multiscale_pinn/pinn_history/pinn-history-2d-piecewise-neumann-full-IL0-BL3-RESET-TRIAL5.json,/export/data01/scratch2/mohan227/multiscale_pinn/pinn_history/pinn-history-2d-piecewise-neumann-reduced-IL0-BL3-RESET-TRIAL5.json,False,,150,150,14900,14900,59.627374328612625,59.627374328612625,0.21267170900217763,65.08512658919534,0.7346880867986656,5207937.771252286,0.9999822802005891,10.476081641221173,29.9769230920499,0.5139716068049932,30.17606318967153,0.9886777879649098,-0.5853067687637569,-4193.106544431404,21837433758.52291,386954.9458501134,16,72,56,14,56.71430302446063,True,absolute_threshold,0.05487439298416541,29392141.959535804,True,final_energy_outlier
0,3,True,7,/export/data01/scratch2/mohan227/multiscale_pinn/pinn_history/pinn-history-2d-piecewise-neumann-full-IL0-BL3-RESET-TRIAL7.json,/export/data01/scratch2/mohan227/multiscale_pinn/pinn_history/pinn-history-2d-piecewise-neumann-reduced-IL0-BL3-RESET-TRIAL7.json,False,,150,150,14900,14900,5.375080308443399,5.375080308443399,0.21269227490174078,6.00688885277843,0.14006462633252084,192577.16120900045,0.9999457486549731,1.0329215655550978,2.991226217189905,0.5100576416271424,3.4656570755691734,0.9886747668143752,-0.37700104806644535,-4193.105792695222,807492217.1004686,43807.538876406776,16,72,56,14,13.874376056465705,True,absolute_threshold,-0.6595815027549877,29392141.959535804,True,final_energy_outlier
0,3,True,8,/export/data01/scratch2/mohan227/multiscale_pinn/pinn_history/pinn-history-2d-piecewise-neumann-full-IL0-BL3-RESET-TRIAL8.json,/export/data01/scratch2/mohan227/multiscale_pinn/pinn_history/pinn-history-2d-piecewise-neumann-reduced-IL0-BL3-RESET-TRIAL8.json,False,,150,150,14900,14900,18.0326144286503,18.0326144286503,0.21286393795687433,19.70511617118959,0.34284358239669377,4437519.693064014,0.9999528287708223,2.9462659686104917,11.543344537295795,0.5115735891721547,11.768923063010018,0.9885505630016576,-0.9189936893034855,-4193.104358787862,18606978974.089336,877714.0694932579,16,72,56,14,28.833620717770163,True,absolute_threshold,-0.05487439298416554,29392141.959535804,True,final_energy_outlier
0,3,True,9,/export/data01/scratch2/mohan227/multiscale_pinn/pinn_history/pinn-history-2d-piecewise-neumann-full-IL0-BL3-RESET-TRIAL9.json,/export/data01/scratch2/mohan227/multiscale_pinn/pinn_history/pinn-history-2d-piecewise-neumann-reduced-IL0-BL3-RESET-TRIAL9.json,False,,150,150,14900,14900,16.564261449658066,16.564261449658066,0.212283132262385,18.101548036247276,0.1963679330596481,175846.16221855377,0.9620606313563874,2.698360483055867,10.25509492810847,0.5124577232833616,10.547945184339035,0.9887312252155366,0.444250882796303,-4193.107483484438,737337665.6331527,27974125.51127701,16,72,56,14,17.530701493885342,True,absolute_threshold,-0.6619648928638451,29392141.959535804,True,final_energy_outlier
0,3,True,10,/export/data01/scratch2/mohan227/multiscale_pinn/pinn_history/pinn-history-2d-piecewise-neumann-full-IL0-BL3-RESET-TRIAL10.json,/export/data01/scratch2/mohan227/multiscale_pinn/pinn_history/pinn-history-2d-piecewise-neumann-reduced-IL0-BL3-RESET-TRIAL10.json,False,,150,150,14900,14900,5.907966338532185,5.907966338532185,0.21354085713239834,6.530848674212641,0.1465486293621854,173626217665.63766,0.9999999985811711,1.1034060124853378,3.553972520609694,0.5124038863442382,3.6575205835317948,0.9887004601810363,-0.41562965807855806,-4193.105714859431,728033085539019.6,1032954.3923416126,16,72,56,14,14.702290966426837,True,absolute_threshold,24732.98310608567,29392141.959535804,True,final_energy_outlier
1,1,True,2,/export/data01/scratch2/mohan227/multiscale_pinn/pinn_history/pinn-history-2d-piecewise-neumann-full-IL1-BL1-RESET-TRIAL2.json,/export/data01/scratch2/mohan227/multiscale_pinn/pinn_history/pinn-history-2d-piecewise-neumann-reduced-IL1-BL1-RESET-TRIAL2.json,False,,150,150,14900,14900,36825.560855950986,36825.560855950986,0.21092168447999174,40130.26131080496,464.2026098820095,13.956629928795458,0.6662870954622943,5453.913188283061,20531.370644260805,0.5144574675605762,20531.571889420997,0.9886686160560585,-62.39974711959814,-4193.1074182753355,-62714.75590683114,-104500.78846262042,16,72,56,14,40790.96638290754,True,absolute_threshold,1913.5494421399046,0.03132455778296711,True,final_energy_outlier
1,1,True,5,/export/data01/scratch2/mohan227/multiscale_pinn/pinn_history/pinn-history-2d-piecewise-neumann-full-IL1-BL1-RESET-TRIAL5.json,/export/data01/scratch2/mohan227/multiscale_pinn/pinn_history/pinn-history-2d-piecewise-neumann-reduced-IL1-BL1-RESET-TRIAL5.json,False,,150,150,14900,14900,0.9843722184475107,0.9843722184475107,0.2128585166384214,1.118446906244786,0.027720953304801788,1.27093860857283,4.694251929023124,0.21351021401041295,0.4975214169361378,0.5126793891086904,0.6358935921020599,0.9885797214477668,0.6823031175276955,-4193.103894664237,1136.0737348216421,-4196.942586377356,16,72,56,14,2.3257359383946827,True,absolute_threshold,173.53031984553246,0.03132455778296711,True,final_energy_outlier
1,1,True,8,/export/data01/scratch2/mohan227/multiscale_pinn/pinn_history/pinn-history-2d-piecewise-neumann-full-IL1-BL1-RESET-TRIAL8.json,/export/data01/scratch2/mohan227/multiscale_pinn/pinn_history/pinn-history-2d-piecewise-neumann-reduced-IL1-BL1-RESET-TRIAL8.json,False,,150,150,14900,14900,2.606943625887402,2.606943625887402,0.20965443340366277,2.9710651397803196,0.05506075191810109,1576810386954.2056,1.0000000000003957,0.42439521259626123,2.1681929394293307,0.5114746282539037,2.6686290452805244,0.9886331433993644,0.30901298213747574,-4193.1082466581765,6611736636949757.0,-2615.5754456893974,16,72,56,14,5.719674729979328,True,absolute_threshold,216281490403200.62,0.03132455778296711,True,final_energy_outlier
1,2,True,1,/export/data01/scratch2/mohan227/multiscale_pinn/pinn_history/pinn-history-2d-piecewise-neumann-full-IL1-BL2-RESET-TRIAL1.json,/export/data01/scratch2/mohan227/multiscale_pinn/pinn_history/pinn-history-2d-piecewise-neumann-reduced-IL1-BL2-RESET-TRIAL1.json,False,,150,150,14900,14900,2.116350980670482,2.116350980670482,0.20994930725227956,2.268185820010512,0.08605114809084824,25907201.16386767,0.988704711953861,0.38934568012843707,1.2336438316264686,0.5121303288501136,1.3713489230997549,0.9887146300485183,0.14149256915287478,-4193.106716601086,108631655015.44229,1227025834.328223,16,72,56,14,7.619161219941522,True,absolute_threshold,461261781.58101135,0.23919613631297443,True,final_energy_outlier
1,2,True,4,/export/data01/scratch2/mohan227/multiscale_pinn/pinn_history/pinn-history-2d-piecewise-neumann-full-IL1-BL2-RESET-TRIAL4.json,/export/data01/scratch2/mohan227/multiscale_pinn/pinn_history/pinn-history-2d-piecewise-neumann-reduced-IL1-BL2-RESET-TRIAL4.json,False,,150,150,14900,14900,0.721262606965472,0.721262606965472,0.21318773856275655,0.7969223993590457,0.025000106762477665,0.9549659808976263,21.242591516087217,0.1358627331772722,0.45443342112200696,0.5111970937033428,0.5272493788635436,0.9886649878033028,0.7050429763931906,-4193.106428924883,-188.83243501848918,-4200.122717104338,16,72,56,14,2.14437742784513,True,absolute_threshold,16.24384184419844,0.23919613631297443,True,final_energy_outlier
1,2,True,7,/export/data01/scratch2/mohan227/multiscale_pinn/pinn_history/pinn-history-2d-piecewise-neumann-full-IL1-BL2-RESET-TRIAL7.json,/export/data01/scratch2/mohan227/multiscale_pinn/pinn_history/pinn-history-2d-piecewise-neumann-reduced-IL1-BL2-RESET-TRIAL7.json,False,,150,150,14900,14900,3.4745968451779,3.4745968451779,0.20948158026470481,3.766209785191934,0.1378278286573446,2.7269480230624924e+19,0.9999999999999999,0.6672703211315516,2.0397442114353517,0.5136758174675526,2.145806030102453,0.9887285234776614,-0.33760665581300736,-4193.108484600662,1.143438889256834e+23,21847684.205571,16,72,56,14,11.852625876866187,True,absolute_threshold,4.8551632324527214e+20,0.23919613631297443,True,final_energy_outlier
1,3,True,2,/export/data01/scratch2/mohan227/multiscale_pinn/pinn_history/pinn-history-2d-piecewise-neumann-full-IL1-BL3-RESET-TRIAL2.json,/export/data01/scratch2/mohan227/multiscale_pinn/pinn_history/pinn-history-2d-piecewise-neumann-reduced-IL1-BL3-RESET-TRIAL2.json,False,,150,150,14900,14900,2.1981880009723884,2.1981880009723884,0.21288871597263417,2.3168076600687146,0.06501293030673928,1118.4311042678476,1.0009011484406762,0.4327400567889046,1.1545147132015723,0.5095867476384565,1.1995769313102858,0.9886873929081677,0.24177934435801315,-4193.106609533576,4685507.749003914,-4222.338001791675,16,72,56,14,5.758908301697962,True,absolute_threshold,137015.981538078,0.034150078897795075,True,final_energy_outlier
1,3,True,3,/export/data01/scratch2/mohan227/multiscale_pinn/pinn_history/pinn-history-2d-piecewise-neumann-full-IL1-BL3-RESET-TRIAL3.json,/export/data01/scratch2/mohan227/multiscale_pinn/pinn_history/pinn-history-2d-piecewise-neumann-reduced-IL1-BL3-RESET-TRIAL3.json,False,,150,150,14900,14900,1.8724460097454976,1.8724460097454976,0.21083692565147896,2.013043789912336,0.07293177492283086,0.11833478378713566,0.11006043513989308,0.38272760376549064,1.407159345473171,0.509316375618106,1.482342218516674,0.9886093806654183,0.7885445904714935,-4193.1046651100805,-3696.9145311674492,-3290.030509192166,16,72,56,14,6.0725136152920856,True,absolute_threshold,13.813292861928366,0.034150078897795075,True,final_energy_outlier
1,3,True,6,/export/data01/scratch2/mohan227/multiscale_pinn/pinn_history/pinn-history-2d-piecewise-neumann-full-IL1-BL3-RESET-TRIAL6.json,/export/data01/scratch2/mohan227/multiscale_pinn/pinn_history/pinn-history-2d-piecewise-neumann-reduced-IL1-BL3-RESET-TRIAL6.json,False,,150,150,14900,14900,13.859528364722175,13.859528364722175,0.21270338621636045,15.291197405432023,0.15596547266835872,490913.3076603563,0.9999161591567958,2.445268365964733,7.093230458960581,0.5113796169376329,7.5866797144227665,0.988634942045422,-0.3987401594513732,-4193.10703429918,2058447850.474683,172582.00347576145,16,72,56,14,18.132053664629947,True,absolute_threshold,60140766.19762511,0.034150078897795075,True,final_energy_outlier
2,1,True,1,/export/data01/scratch2/mohan227/multiscale_pinn/pinn_history/pinn-history-2d-piecewise-neumann-full-IL2-BL1-RESET-TRIAL1.json,/export/data01/scratch2/mohan227/multiscale_pinn/pinn_history/pinn-history-2d-piecewise-neumann-reduced-IL2-BL1-RESET-TRIAL1.json,False,,150,150,14900,14900,76232.30273666188,76232.30273666188,0.20912079077859816,82788.00824923774,1007.5909458403019,154.62773912579175,1.3274275063080088,11213.875542797416,44276.36065199004,0.5123461247881026,44276.63175195463,0.9887457896803358,-272.25996658499486,-4193.107578518635,644177.6371990411,-210921.47736746722,16,60,44,11,85067.309664279,True,absolute_threshold,2.880388058522891,181.5791659473994,True,final_energy_outlier
2,1,True,3,/export/data01/scratch2/mohan227/multiscale_pinn/pinn_history/pinn-history-2d-piecewise-neumann-full-IL2-BL1-RESET-TRIAL3.json,/export/data01/scratch2/mohan227/multiscale_pinn/pinn_history/pinn-history-2d-piecewise-neumann-reduced-IL2-BL1-RESET-TRIAL3.json,False,,150,150,14900,14900,38890.51093707902,38890.51093707902,0.2123019705576601,42456.39809569862,549.6072909516155,25.597246705227523,0.014785589408505015,5721.446579121241,23218.20035234752,0.5101702442164588,23218.41403194328,0.9887030038906053,0.6800184816257858,-4193.106880334161,-111525.09815763462,-113174.06246773663,16,56,40,10,44483.79169927561,True,absolute_threshold,-0.08601644568525635,181.5791659473994,True,final_energy_outlier
2,1,True,4,/export/data01/scratch2/mohan227/multiscale_pinn/pinn_history/pinn-history-2d-piecewise-neumann-full-IL2-BL1-RESET-TRIAL4.json,/export/data01/scratch2/mohan227/multiscale_pinn/pinn_history/pinn-history-2d-piecewise-neumann-reduced-IL2-BL1-RESET-TRIAL4.json,False,,150,150,14900,14900,9554.664156543475,9554.664156543475,0.20978119258657238,10396.861017384233,150.26185635690334,6.570767605214615,0.0016847777050914066,1325.487039842512,5738.824981110393,0.5122896974694071,5739.103888035027,0.9886489892179643,0.9019539405046242,-4193.1068115860835,-31745.037214360666,-31798.520545306717,16,52,36,9,12209.19625412219,True,absolute_threshold,-0.5234342392835183,181.5791659473994,True,final_energy_outlier
2,1,True,5,/export/data01/scratch2/mohan227/multiscale_pinn/pinn_history/pinn-history-2d-piecewise-neumann-full-IL2-BL1-RESET-TRIAL5.json,/export/data01/scratch2/mohan227/multiscale_pinn/pinn_history/pinn-history-2d-piecewise-neumann-reduced-IL2-BL1-RESET-TRIAL5.json,False,,150,150,14900,14900,168595.54741852,168595.54741852,0.2142543859897137,184606.84541784343,2136.8449218796814,106.81916323264016,7.091847680373778e-05,25649.798665787668,92728.52130387569,0.5096301090480861,92728.74403241165,0.9887372283455413,-3543.383883643934,-4193.105033588391,-452097.0760680718,-452129.138104074,16,56,40,10,176982.5943680993,True,absolute_threshold,1.7812713132579598,181.5791659473994,True,final_energy_outlier
2,1,True,7,/export/data01/scratch2/mohan227/multiscale_pinn/pinn_history/pinn-history-2d-piecewise-neumann-full-IL2-BL1-RESET-TRIAL7.json,/export/data01/scratch2/mohan227/multiscale_pinn/pinn_history/pinn-history-2d-piecewise-neumann-reduced-IL2-BL1-RESET-TRIAL7.json,False,,150,150,14900,14900,806.4380357764819,806.4380357764819,0.2107568551735613,878.237248309525,18.966991189210194,1.2731680273609354e+16,0.9999999999862638,90.04596275943462,608.5043394877564,0.508841924021474,608.7188645388337,0.9888301654009136,-0.7041649701960071,-4193.108109293172,5.338531180019928e+19,733318962.1648731,16,50,34,10,1604.8027154732654,True,absolute_threshold,292700686491013.9,181.5791659473994,True,final_energy_outlier
2,1,True,8,/export/data01/scratch2/mohan227/multiscale_pinn/pinn_history/pinn-history-2d-piecewise-neumann-full-IL2-BL1-RESET-TRIAL8.json,/export/data01/scratch2/mohan227/multiscale_pinn/pinn_history/pinn-history-2d-piecewise-neumann-reduced-IL2-BL1-RESET-TRIAL8.json,False,,150,150,14900,14900,50978.945218469875,50978.945218469875,0.21276811613569363,55705.20362044793,725.688519845928,33.08020752684888,0.005584998226497066,7434.709648230252,28733.22959332098,0.5103735037963406,28733.477203908642,0.9885967498998761,0.819777732754792,-4193.104825823223,-142901.88264588697,-143699.98940702734,16,56,40,10,58069.17054095647,True,absolute_threshold,0.08601644568525642,181.5791659473994,True,final_energy_outlier
2,1,True,9,/export/data01/scratch2/mohan227/multiscale_pinn/pinn_history/pinn-history-2d-piecewise-neumann-full-IL2-BL1-RESET-TRIAL9.json,/export/data01/scratch2/mohan227/multiscale_pinn/pinn_history/pinn-history-2d-piecewise-neumann-reduced-IL2-BL1-RESET-TRIAL9.json,False,,150,150,14900,14900,481965.12924458267,481965.12924458267,0.21201909254227347,525598.8428971013,6112.432807743767,71296721.79720953,1.0000024631797892,74702.2265837987,252123.98118594364,0.5091516306029228,252124.22001197835,0.9887157925037325,-3955.625320347535,-4193.105054826603,298954640367.3403,-736379.028077509,16,56,40,10,486461.32807967055,True,absolute_threshold,1639107.3588608447,181.5791659473994,True,final_energy_outlier
2,1,True,10,/export/data01/scratch2/mohan227/multiscale_pinn/pinn_history/pinn-history-2d-piecewise-neumann-full-IL2-BL1-RESET-TRIAL10.json,/export/data01/scratch2/mohan227/multiscale_pinn/pinn_history/pinn-history-2d-piecewise-neumann-reduced-IL2-BL1-RESET-TRIAL10.json,False,,150,150,14900,14900,17220.832218498796,17220.832218498796,0.21071962188061313,18759.009753469036,270.0889806968977,11.941670500072545,0.0006139456072290143,2416.6040032746946,10424.201657768388,0.5120707947024591,10424.431190557503,0.9886688170419536,0.8986027647997958,-4193.1036092412305,-54265.765283464956,-54299.08151168366,16,52,36,9,21578.833633546667,True,absolute_threshold,-0.3999574529821746,181.5791659473994,True,final_energy_outlier
2,2,True,1,/export/data01/scratch2/mohan227/multiscale_pinn/pinn_history/pinn-history-2d-piecewise-neumann-full-IL2-BL2-RESET-TRIAL1.json,/export/data01/scratch2/mohan227/multiscale_pinn/pinn_history/pinn-history-2d-piecewise-neumann-reduced-IL2-BL2-RESET-TRIAL1.json,False,,150,150,14900,14900,336568.7731274701,336568.7731274701,0.20993804478194417,365594.37752001965,3494.8837730257364,211.83923166326022,4.397561286256973e-05,50112.27047278625,180190.57353424435,0.516344833802419,180190.7595504348,0.9886873801808086,-7144.061728397894,-4193.108223733199,-892457.9326202719,-892497.179004813,16,52,36,9,365619.0575967137,True,absolute_threshold,1.2719297588937608,454.3319653534439,True,final_energy_outlier
2,2,True,3,/export/data01/scratch2/mohan227/multiscale_pinn/pinn_history/pinn-history-2d-piecewise-neumann-full-IL2-BL2-RESET-TRIAL3.json,/export/data01/scratch2/mohan227/multiscale_pinn/pinn_history/pinn-history-2d-piecewise-neumann-reduced-IL2-BL2-RESET-TRIAL3.json,False,,150,150,14900,14900,257420.064044433,257420.064044433,0.21376646705355865,281476.6526221831,3464.211359546592,167.9143404323335,0.00022462594440281688,38755.49775875602,149816.4782745686,0.5104858144390819,149816.70278179308,0.9886440255291018,-1255.9507004344875,-4193.103282095877,-708275.2752598779,-708434.3722624803,16,60,44,11,279520.4738533865,True,absolute_threshold,0.8683393440135557,454.3319653534439,True,final_energy_outlier
2,2,True,5,/export/data01/scratch2/mohan227/multiscale_pinn/pinn_history/pinn-history-2d-piecewise-neumann-full-IL2-BL2-RESET-TRIAL5.json,/export/data01/scratch2/mohan227/multiscale_pinn/pinn_history/pinn-history-2d-piecewise-neumann-reduced-IL2-BL2-RESET-TRIAL5.json,False,,150,150,14900,14900,187294.14233374505,187294.14233374505,0.20946261805574737,203393.98056009895,2357.9209484966727,117.9513871174763,0.00023033879275059495,29192.043087680748,101563.11794385756,0.5144703343024545,101563.33359320925,0.9887923909882558,0.9251856249549991,-4193.111388623502,-498776.41601485276,-498891.3035723701,16,56,40,10,189010.5640312399,True,absolute_threshold,0.4092700443089271,454.3319653534439,True,final_energy_outlier
2,2,True,6,/export/data01/scratch2/mohan227/multiscale_pinn/pinn_history/pinn-history-2d-piecewise-neumann-full-IL2-BL2-RESET-TRIAL6.json,/export/data01/scratch2/mohan227/multiscale_pinn/pinn_history/pinn-history-2d-piecewise-neumann-reduced-IL2-BL2-RESET-TRIAL6.json,False,,150,150,14900,14900,609.0689349011006,609.0689349011006,0.2136214248980094,665.8162884572776,9.741210690813734,313951112133364.56,0.9413160535234294,86.9137702867651,284.1737884775333,0.5128754807402899,284.43053684803436,0.9886303668813289,0.4030226585441921,-4193.105948400229,1.316430275793274e+18,7.72533238447896e+16,16,44,28,7,779.4199861967633,True,absolute_threshold,2884643673488.805,454.3319653534439,True,final_energy_outlier
2,2,True,7,/export/data01/scratch2/mohan227/multiscale_pinn/pinn_history/pinn-history-2d-piecewise-neumann-full-IL2-BL2-RESET-TRIAL7.json,/export/data01/scratch2/mohan227/multiscale_pinn/pinn_history/pinn-history-2d-piecewise-neumann-reduced-IL2-BL2-RESET-TRIAL7.json,False,,150,150,14900,14900,49520.16750775139,49520.16750775139,0.2134477734252902,54049.200034632544,696.6273402492756,32.3364300099337,0.0030093752303684317,7261.478647632108,28401.410940934722,0.5111490144509769,28401.633912366906,0.9886520098883578,0.9105115704192254,-4193.106218771782,-139783.19198630325,-140203.85206188867,16,60,44,11,56160.358304458074,True,absolute_threshold,-0.37737677690518334,454.3319653534439,True,final_energy_outlier
2,2,True,10,/export/data01/scratch2/mohan227/multiscale_pinn/pinn_history/pinn-history-2d-piecewise-neumann-full-IL2-BL2-RESET-TRIAL10.json,/export/data01/scratch2/mohan227/multiscale_pinn/pinn_history/pinn-history-2d-piecewise-neumann-reduced-IL2-BL2-RESET-TRIAL10.json,False,,150,150,14900,14900,179790.7094260845,179790.7094260845,0.2118503109780861,196375.91921689213,2312.0877934726577,114.48027321075945,0.00017076581176716545,27340.579452356284,104820.25687498963,0.513409828281636,104820.5057377694,0.9886816245168775,0.9296299644487714,-4193.105122766154,-484220.9251784705,-484303.61355783325,16,56,40,10,189397.7922104487,True,absolute_threshold,0.37737677690518334,454.3319653534439,True,final_energy_outlier
2,3,True,5,/export/data01/scratch2/mohan227/multiscale_pinn/pinn_history/pinn-history-2d-piecewise-neumann-full-IL2-BL3-RESET-TRIAL5.json,/export/data01/scratch2/mohan227/multiscale_pinn/pinn_history/pinn-history-2d-piecewise-neumann-reduced-IL2-BL3-RESET-TRIAL5.json,False,,150,150,14900,14900,643235.1976637174,643235.1976637174,0.21310654705669083,701733.52209765,7320.1516204907,396.7925632423526,0.0001759446653432044,102851.61315044104,341288.3240311903,0.5113315702316363,341288.53776933625,0.9886619234047931,-2111.329813864787,-4193.106875733453,-1667986.7320471434,-1668280.2054145103,16,52,36,9,616905.4378824222,True,absolute_threshold,2644719.1396294716,0.0006519896365135916,True,final_energy_outlier
2,3,True,8,/export/data01/scratch2/mohan227/multiscale_pinn/pinn_history/pinn-history-2d-piecewise-neumann-full-IL2-BL3-RESET-TRIAL8.json,/export/data01/scratch2/mohan227/multiscale_pinn/pinn_history/pinn-history-2d-piecewise-neumann-reduced-IL2-BL3-RESET-TRIAL8.json,False,,150,150,14900,14900,3.492667908852546,3.492667908852546,0.2121578860772129,3.700162747044548,0.05321494710889496,1.0122781822794111,79.44851151800643,0.5899540485369887,1.9008669045888513,0.5129017938732671,2.0302747047631784,0.9886448067649696,0.6169933830418929,-4193.107535599673,51.48373863926561,-4038.8226636324607,16,40,24,6,5.580046332136441,True,absolute_threshold,6746.237281853231,0.0006519896365135916,True,final_energy_outlier
2,3,True,10,/export/data01/scratch2/mohan227/multiscale_pinn/pinn_history/pinn-history-2d-piecewise-neumann-full-IL2-BL3-RESET-TRIAL10.json,/export/data01/scratch2/mohan227/multiscale_pinn/pinn_history/pinn-history-2d-piecewise-neumann-reduced-IL2-BL3-RESET-TRIAL10.json,False,,150,150,14900,14900,234383.9196118176,234383.9196118176,0.21207472881978778,255543.20958471342,3035.7493948443384,146.77747559688913,0.00040467082046079825,35971.391892313164,124549.95137568923,0.513097610062033,124550.12787527268,0.988732149680824,0.955860890381938,-4193.107369367986,-619646.8219519135,-619897.5749397487,16,52,36,9,241953.05733581202,True,absolute_threshold,978307.1143647699,0.0006519896365135916,True,final_energy_outlier
3,1,True,2,/export/data01/scratch2/mohan227/multiscale_pinn/pinn_history/pinn-history-2d-piecewise-neumann-full-IL3-BL1-RESET-TRIAL2.json,/export/data01/scratch2/mohan227/multiscale_pinn/pinn_history/pinn-history-2d-piecewise-neumann-reduced-IL3-BL1-RESET-TRIAL2.json,False,,150,150,14900,14900,2395.0225366837894,2395.0225366837894,0.21130447793390425,2612.9304185491383,41.13945879009752,526699.0205054597,0.9995060636109162,312.2271538814653,1541.443832718613,0.5134569083539373,1541.6821555617016,0.9886846212271111,0.06505663295414639,-4193.1067803297,2208501040.9676743,1090859.0294633466,16,47,31,8,3405.6892270853946,True,absolute_threshold,1451746617.6961167,0.001543161961174401,True,final_energy_outlier
3,1,True,4,/export/data01/scratch2/mohan227/multiscale_pinn/pinn_history/pinn-history-2d-piecewise-neumann-full-IL3-BL1-RESET-TRIAL4.json,/export/data01/scratch2/mohan227/multiscale_pinn/pinn_history/pinn-history-2d-piecewise-neumann-reduced-IL3-BL1-RESET-TRIAL4.json,False,,150,150,14900,14900,8063.595746827969,8063.595746827969,0.21203217935162433,8793.562040168912,124.50488435360731,5.518475506236189,9.185467915613594e-05,1118.5919346041505,4904.240230705984,0.514664484887695,4904.531039095754,0.9887035412380322,0.9635675256631728,-4193.1063620910545,-27332.66111633367,-27335.171749150995,16,54,38,10,10251.4352709748,True,absolute_threshold,15209.884601456059,0.001543161961174401,True,final_energy_outlier
3,1,True,6,/export/data01/scratch2/mohan227/multiscale_pinn/pinn_history/pinn-history-2d-piecewise-neumann-full-IL3-BL1-RESET-TRIAL6.json,/export/data01/scratch2/mohan227/multiscale_pinn/pinn_history/pinn-history-2d-piecewise-neumann-reduced-IL3-BL1-RESET-TRIAL6.json,False,,150,150,14900,14900,0.4681074544348729,0.4681074544348729,0.21397018360553166,0.5718121347665414,0.032309692832408796,0.2635234507293121,0.3596188286076151,0.1046187331397259,0.4769249765552453,0.5107933597690235,0.6004925300023477,0.9886125939090343,0.7360168973174904,-4193.102619229739,-3088.121747748201,-4198.66847327111,16,56,40,10,2.509677739296293,True,absolute_threshold,725.5993081676681,0.001543161961174401,True,final_energy_outlier
3,1,True,7,/export/data01/scratch2/mohan227/multiscale_pinn/pinn_history/pinn-history-2d-piecewise-neumann-full-IL3-BL1-RESET-TRIAL7.json,/export/data01/scratch2/mohan227/multiscale_pinn/pinn_history/pinn-history-2d-piecewise-neumann-reduced-IL3-BL1-RESET-TRIAL7.json,False,,150,150,14900,14900,14504.838644734798,14504.838644734798,0.21089659441252556,15795.625504374375,212.01041254470377,9.595141215818773,0.0041522185229416865,2091.0012827702535,8754.647287653377,0.5125592262261915,8754.862492117645,0.9886419637992653,0.8625563231990346,-4193.106758151921,-44426.558235623655,-44611.02701364016,16,49,33,9,17039.017084857238,True,absolute_threshold,26446.445574658796,0.001543161961174401,True,final_energy_outlier
3,2,True,1,/export/data01/scratch2/mohan227/multiscale_pinn/pinn_history/pinn-history-2d-piecewise-neumann-full-IL3-BL2-RESET-TRIAL1.json,/export/data01/scratch2/mohan227/multiscale_pinn/pinn_history/pinn-history-2d-piecewise-neumann-reduced-IL3-BL2-RESET-TRIAL1.json,False,,150,150,14900,14900,4745.692527058973,4745.692527058973,0.21109172096690357,5169.4896133805105,86.62879970709386,3.423911709539079,0.0005007550459913626,606.9380083137754,3010.0403857905158,0.5131254304837788,3010.236378258061,0.9885669410445173,0.9442788957770165,-4193.106918636706,-18549.93479670625,-18540.645823253988,16,56,40,10,7036.47334023654,True,absolute_threshold,0.029857397938352893,20.29256194349,True,final_energy_outlier
3,2,True,3,/export/data01/scratch2/mohan227/multiscale_pinn/pinn_history/pinn-history-2d-piecewise-neumann-full-IL3-BL2-RESET-TRIAL3.json,/export/data01/scratch2/mohan227/multiscale_pinn/pinn_history/pinn-history-2d-piecewise-neumann-reduced-IL3-BL2-RESET-TRIAL3.json,False,,150,150,14900,14900,150443.8670931839,150443.8670931839,0.21036410886823834,163662.30214317548,1985.8986050423887,96.20115986191782,0.0008223744509066777,22958.920778451426,81662.86905756331,0.5154648852320783,81663.09240791298,0.9886882671627807,0.9412240487698694,-4193.108382001137,-407574.99815724004,-407910.1774225529,16,44,28,7,158026.20587671126,True,absolute_threshold,19.115574206959444,20.29256194349,True,final_energy_outlier
3,2,True,4,/export/data01/scratch2/mohan227/multiscale_pinn/pinn_history/pinn-history-2d-piecewise-neumann-full-IL3-BL2-RESET-TRIAL4.json,/export/data01/scratch2/mohan227/multiscale_pinn/pinn_history/pinn-history-2d-piecewise-neumann-reduced-IL3-BL2-RESET-TRIAL4.json,False,,150,150,14900,14900,302849.00054559053,302849.00054559053,0.21417188884830526,331475.58824645745,3909.4144788576373,298106.8713271871,1.000633947545989,47244.34357682117,166105.7689275772,0.5109318873829701,166105.98755253185,0.9886213622783276,-6665.374729059137,-4193.102766920975,1249988553.8974164,-792427.176257791,16,52,36,9,303131.29716993263,True,absolute_threshold,61324.52579222203,20.29256194349,True,final_energy_outlier
3,2,True,6,/export/data01/scratch2/mohan227/multiscale_pinn/pinn_history/pinn-history-2d-piecewise-neumann-full-IL3-BL2-RESET-TRIAL6.json,/export/data01/scratch2/mohan227/multiscale_pinn/pinn_history/pinn-history-2d-piecewise-neumann-reduced-IL3-BL2-RESET-TRIAL6.json,False,,150,150,14900,14900,274891.669982274,274891.669982274,0.21033386890300346,298890.7774371475,3239.199634471475,3693666.9929247927,1.000046973815196,42189.12386336868,156783.25877028363,0.5120298506454999,156783.52035429588,0.9885951075617296,-20922.867489574204,-4193.106497475349,15487934874.436686,-727527.3905583251,16,56,40,10,283399.4085986413,True,absolute_threshold,759843.8306801795,20.29256194349,True,final_energy_outlier
3,2,True,8,/export/data01/scratch2/mohan227/multiscale_pinn/pinn_history/pinn-history-2d-piecewise-neumann-full-IL3-BL2-RESET-TRIAL8.json,/export/data01/scratch2/mohan227/multiscale_pinn/pinn_history/pinn-history-2d-piecewise-neumann-reduced-IL3-BL2-RESET-TRIAL8.json,False,,150,150,14900,14900,225694.9401510933,225694.9401510933,0.211389160816764,245999.58094527945,2967.0471371424655,139.43967697494102,0.0006206555596612096,34622.63546784476,124709.0375165159,0.5095064591362297,124709.35142590727,0.9886574093453172,-8348.27958722321,-4193.105760913572,-588878.4185844663,-589243.9092489253,16,48,32,8,233527.70252697542,True,absolute_threshold,28.01040682266486,20.29256194349,True,final_energy_outlier
3,2,True,10,/export/data01/scratch2/mohan227/multiscale_pinn/pinn_history/pinn-history-2d-piecewise-neumann-full-IL3-BL2-RESET-TRIAL10.json,/export/data01/scratch2/mohan227/multiscale_pinn/pinn_history/pinn-history-2d-piecewise-neumann-reduced-IL3-BL2-RESET-TRIAL10.json,False,,150,150,14900,14900,1.184924069058381,1.184924069058381,0.21358560714676955,1.3362653973250012,0.03806921666408224,3.1336331472582457,1.4700318250601132,0.22822146579491884,0.5936811318480371,0.5116993335881165,0.778703181142202,0.9886196521605507,0.6300944489702117,-4193.106596987795,8946.551225320381,-4205.163800431131,16,52,36,9,3.3403558863060256,True,absolute_threshold,-0.029857397938352893,20.29256194349,True,final_energy_outlier
3,3,True,3,/export/data01/scratch2/mohan227/multiscale_pinn/pinn_history/pinn-history-2d-piecewise-neumann-full-IL3-BL3-RESET-TRIAL3.json,/export/data01/scratch2/mohan227/multiscale_pinn/pinn_history/pinn-history-2d-piecewise-neumann-reduced-IL3-BL3-RESET-TRIAL3.json,False,,150,150,14900,14900,187525.91628778476,187525.91628778476,0.21480038675238403,204759.13559136973,2312.9592510930397,223383584446.14456,1.0000000005093979,29643.79054533022,100346.2942534925,0.5116159091273953,100346.51588563615,0.9886706006336803,-0.19953693142610418,-4193.106641510676,936671191541396.6,-477138.19933498016,16,52,36,9,181447.60697132378,True,absolute_threshold,2001090237.3521852,466.00223227470804,True,final_energy_outlier
3,3,True,4,/export/data01/scratch2/mohan227/multiscale_pinn/pinn_history/pinn-history-2d-piecewise-neumann-full-IL3-BL3-RESET-TRIAL4.json,/export/data01/scratch2/mohan227/multiscale_pinn/pinn_history/pinn-history-2d-piecewise-neumann-reduced-IL3-BL3-RESET-TRIAL4.json,False,,150,150,14900,14900,130789.78591303543,130789.78591303543,0.21108603821674998,142508.72111064254,1894.522663322758,85.50885803508734,5.1144355401924006e-05,19017.137295955108,73108.45016145294,0.5130888119697994,73108.65463982736,0.9886125928956052,0.9296403192600114,-4193.103340369536,-362740.5815984788,-362759.13373170275,16,52,36,9,150093.2825937889,True,absolute_threshold,0.09150613635040271,466.00223227470804,True,final_energy_outlier
3,3,True,5,/export/data01/scratch2/mohan227/multiscale_pinn/pinn_history/pinn-history-2d-piecewise-neumann-full-IL3-BL3-RESET-TRIAL5.json,/export/data01/scratch2/mohan227/multiscale_pinn/pinn_history/pinn-history-2d-piecewise-neumann-reduced-IL3-BL3-RESET-TRIAL5.json,False,,150,150,14900,14900,311042.55894018133,311042.55894018133,0.2107528991133603,337876.2531587902,4175.749090698313,197.08725466260253,0.00023605104820598896,46779.82695906763,167115.05767552103,0.5131693257833484,167115.23726271116,0.9887196285605336,0.9533598020750023,-4193.106702101295,-830600.9951266047,-830797.0593621453,16,56,40,10,332657.11648478534,True,absolute_threshold,1.0910354474212403,466.00223227470804,True,final_energy_outlier
3,3,True,8,/export/data01/scratch2/mohan227/multiscale_pinn/pinn_history/pinn-history-2d-piecewise-neumann-full-IL3-BL3-RESET-TRIAL8.json,/export/data01/scratch2/mohan227/multiscale_pinn/pinn_history/pinn-history-2d-piecewise-neumann-reduced-IL3-BL3-RESET-TRIAL8.json,False,,150,150,14900,14900,97784.85495153652,97784.85495153652,0.21241524396159925,106778.55386314829,1251.5318107253302,13275300.531624196,1.000004877386713,14791.289275146024,54960.659929122536,0.5119167753099493,54960.84524683328,0.9887283372853859,0.6044854921752252,-4193.106689741438,55664747274.37479,-271498.4987345449,16,56,40,10,105520.56249540542,True,absolute_threshold,118920.66150069183,466.00223227470804,True,final_energy_outlier
3,3,True,9,/export/data01/scratch2/mohan227/multiscale_pinn/pinn_history/pinn-history-2d-piecewise-neumann-full-IL3-BL3-RESET-TRIAL9.json,/export/data01/scratch2/mohan227/multiscale_pinn/pinn_history/pinn-history-2d-piecewise-neumann-reduced-IL3-BL3-RESET-TRIAL9.json,False,,150,150,14900,14900,431238.6325583031,431238.6325583031,0.21426240417044143,471704.4739338172,5638.455574556407,270.73073448277313,0.00034751269938284636,65842.27118366346,229942.0050516557,0.5094140649019447,229942.19102306094,0.9886185565847392,-25535.635283551594,-4193.105557744142,-1139395.652969614,-1139791.6074286425,16,52,36,9,449455.596766062,True,absolute_threshold,1.7507403623004558,466.00223227470804,True,final_energy_outlier
3,3,True,10,/export/data01/scratch2/mohan227/multiscale_pinn/pinn_history/pinn-history-2d-piecewise-neumann-full-IL3-BL3-RESET-TRIAL10.json,/export/data01/scratch2/mohan227/multiscale_pinn/pinn_history/pinn-history-2d-piecewise-neumann-reduced-IL3-BL3-RESET-TRIAL10.json,False,,150,150,14900,14900,101759.3233576021,101759.3233576021,0.2116296840848064,110961.96209062803,1345.7195484666956,65.0790259882048,0.0001293667498174789,15591.868437690777,55535.9272351544,0.513513857272888,55536.14012156284,0.9887410544498921,0.9005710577101419,-4193.104878052114,-277076.286208074,-277040.4417494758,16,44,28,7,106374.55640824007,True,absolute_threshold,-0.09150613635040257,466.00223227470804,True,final_energy_outlier
