epoch,mean,median,std,min,max,count,q10,q90,sem,n_rep_mean,n_rep_median,n_rep_min,n_rep_max
0,0.00017175138920160952,0.00017135639557491232,2.200894518825879e-06,0.00016810204720418918,0.00017839146597652683,50,0.00016923207258538,0.00017416582810320685,3.112534877876165e-07,16.0,16.0,16,16
100,0.00017231344853990902,0.00017219842142464505,1.6302733654543594e-06,0.00016923251367581752,0.00017754399040095057,50,0.00017055313529382442,0.0001740086812907893,2.3055547038011842e-07,16.0,16.0,16,16
200,0.00017354677606934245,0.00017354413888919236,1.3318329465070978e-06,0.0001699405151575421,0.00017735633901809378,50,0.00017199294788123172,0.00017488002349798156,1.8834962157656584e-07,16.0,16.0,16,16
300,0.0001741707184385902,0.00017425219428723185,1.0229087690541006e-06,0.00017083478113256946,0.00017643757737663925,50,0.00017294117006573677,0.0001753472639466919,1.446611454266677e-07,16.0,16.0,16,16
400,0.0001744336265483739,0.00017455803560150913,9.339310643181346e-07,0.00017129298592190472,0.00017629279339559536,50,0.0001733709393448319,0.00017546465281892263,1.3207779774802451e-07,16.0,16.0,16,16
500,0.00017469368020361025,0.0001747339808495864,9.010185292510361e-07,0.00017171146251991487,0.00017636171111394652,50,0.00017375723659431502,0.0001757377862732545,1.2742326240162746e-07,16.0,16.0,16,16
600,0.00017507602727998746,0.00017498411362652983,1.0546142955713183e-06,0.00017213497102331105,0.00017741445633660615,50,0.0001738055491653763,0.00017649872924072475,1.4914498398695063e-07,16.0,16.0,16,16
700,0.0001756056833134887,0.00017554294474891446,1.381533066217431e-06,0.00017252321419338533,0.00017890520812101555,50,0.00017378402890881335,0.00017748167471919924,1.9537827991115779e-07,16.0,16.0,16,16
800,0.00017625938102283544,0.0001762464293923617,1.7456393540458583e-06,0.00017288028688247766,0.0001800776649114486,50,0.00017413503632103823,0.00017851752022249312,2.4687068495038614e-07,16.0,16.0,16,16
900,0.00017697144218692775,0.00017713985558183806,2.054564272729241e-06,0.00017259677740406353,0.0001810997856257528,50,0.000174615148350961,0.00017969387874563445,2.9055926592609067e-07,16.0,16.0,16,16
1000,0.0001777360124732781,0.00017780305379398183,2.234145678785741e-06,0.00017260610260878562,0.0001823357803638064,50,0.00017511198730158184,0.0001802714739549951,3.159559119256039e-07,20.0,20.0,20,20
1100,0.0001793443413506891,0.00017958576574187823,2.0285079265359604e-06,0.00017393829736331735,0.00018336730851048683,50,0.00017669310926458684,0.0001815557138518608,2.8687434210884813e-07,20.0,20.0,20,20
1200,0.00018055066377494855,0.00018072459017836554,1.5679259554677196e-06,0.00017658160103559652,0.00018393490700476545,50,0.00017842975717999605,0.00018236791117205037,2.2173821510192425e-07,20.0,20.0,20,20
1300,0.00018158969448032097,0.00018171528475439144,1.3384698091000054e-06,0.00017766394374116187,0.00018426771549616232,50,0.0001799428677604586,0.0001830640923304217,1.892882156856155e-07,20.0,20.0,20,20
1400,0.00018251551832675167,0.0001827366634754532,1.3495531502443839e-06,0.000178263471816739,0.0001849111231456782,50,0.00018078801937001154,0.00018410163096731504,1.9085563682189428e-07,20.0,20.0,20,20
1500,0.00018316823516890932,0.0001833838910388519,1.5146679125438986e-06,0.0001787831091786093,0.00018633935873259275,50,0.00018145944963741655,0.00018474599860247612,2.1420639044109264e-07,20.0,20.0,20,20
1600,0.0001835368882455954,0.00018370764315117237,1.5928838419555476e-06,0.00017930897010628487,0.00018731598047428018,50,0.00018179799230724672,0.00018513992984789653,2.2526779325784969e-07,20.0,20.0,20,20
1700,0.000183760601904802,0.00018392597675737855,1.5892440386438164e-06,0.0001796138336888642,0.0001875871737911981,50,0.0001816236392396666,0.00018531030667386493,2.2475304733706764e-07,20.0,20.0,20,20
1800,0.000183927496981985,0.000184134362106826,1.567810985239408e-06,0.00018004281305486553,0.00018764569227340918,50,0.00018217687732999534,0.0001854190892422519,2.217219558563095e-07,20.0,20.0,20,20
1900,0.00018407344958863182,0.00018433529376605685,1.5424090769335761e-06,0.00018036750703635479,0.00018761782918217797,50,0.00018237326147817654,0.0001855135388027627,2.1812958353268298e-07,20.0,20.0,20,20
2000,0.00018285386611454436,0.00018270722307208397,1.3187989634936365e-06,0.00018012788708341137,0.00018571840061133962,50,0.00018143834403446513,0.00018473902528759725,1.865063380216281e-07,24.0,24.0,24,24
2100,0.00018291105309541013,0.00018273493206758727,1.3491492644711122e-06,0.0001801694689117963,0.00018568712506462074,50,0.00018142989188570007,0.00018484973263337734,1.9079851874807325e-07,24.0,24.0,24,24
2200,0.00018301985274533027,0.00018287105848571706,1.3464004281942846e-06,0.00018018961071137162,0.00018561224800793804,50,0.00018146531666389184,0.00018500738936299603,1.9040977459372996e-07,24.0,24.0,24,24
2300,0.00018312150046970868,0.00018302892600476875,1.328235709378872e-06,0.00018021472910956086,0.00018566839478720951,50,0.00018160110793005393,0.00018503113744875455,1.8784089542318495e-07,24.0,24.0,24,24
2400,0.00018319973061877264,0.00018308436030719301,1.3047696712612652e-06,0.00018025942971418394,0.00018572343568268375,50,0.0001816737159645761,0.000185076939507725,1.8452229648707659e-07,24.0,24.0,24,24
2500,0.00018326300629730626,0.0001831084232736368,1.2880851890957166e-06,0.00018035976270342822,0.00018596050409063288,50,0.00018180200501488668,0.00018504264121322665,1.821627543911075e-07,24.0,24.0,24,24
2600,0.00018332534247460504,0.0001831658104169505,1.2786378277074216e-06,0.0001806195671614078,0.00018629491655801174,50,0.00018195211164625188,0.00018509667923869108,1.8082669573071083e-07,24.0,24.0,24,24
2700,0.00018338895331487494,0.00018321673899315006,1.3107243117643005e-06,0.00018024999014378606,0.00018683797803977027,50,0.00018201400593375287,0.00018524594339838839,1.8536440982292146e-07,24.0,24.0,24,24
2800,0.00018345505127252367,0.0001832609705502094,1.4255959669229194e-06,0.00017990508736358894,0.00018762194050786623,50,0.00018205635967320362,0.00018523490053651346,2.0160971508867788e-07,24.0,24.0,24,24
2900,0.00018350058802322426,0.0001833268355204749,1.5391817846065827e-06,0.00017964543170059143,0.00018856208011841838,50,0.0001819843540739979,0.00018518416084042973,2.1767317547482533e-07,24.0,24.0,24,24
3000,0.00018375987382418424,0.00018377969233421846,1.3334646606409582e-06,0.00018040382052614983,0.00018738804507354562,50,0.00018215944464313412,0.00018502291814761568,1.88580380802368e-07,28.0,28.0,28,28
3100,0.00018387876560307305,0.00018388350416160716,1.35341769605695e-06,0.00018036102249628573,0.00018729955502509127,50,0.00018216581577460463,0.0001852211011463332,1.914021661319486e-07,28.0,28.0,28,28
3200,0.00018394236920111912,0.00018396517490562968,1.383440922615475e-06,0.0001802808463958189,0.00018731380487830733,50,0.00018217006897458952,0.00018537549955459056,1.9564809155047522e-07,28.0,28.0,28,28
3300,0.00018396580852955976,0.0001839280935228809,1.4243859731345913e-06,0.00018023784909242086,0.00018720978209843628,50,0.00018223986917698402,0.00018547940649788503,2.014385961260938e-07,28.0,28.0,28,28
3400,0.0001839765550147214,0.00018382485168974664,1.4818656422143834e-06,0.00018023957570531042,0.0001870307077381726,50,0.0001821966141639224,0.00018558714940891693,2.0956744888342974e-07,28.0,28.0,28,28
3500,0.000183992648022018,0.00018383709466292424,1.5567671222044924e-06,0.00018028190394711718,0.0001874089694430192,50,0.000182181541654734,0.00018597663019360132,2.2016011776781266e-07,28.0,28.0,28,28
3600,0.00018402978003824217,0.00018394458344230316,1.6456443966769789e-06,0.00018036754866375247,0.0001880811098277485,50,0.00018213807714262541,0.00018631442237987332,2.3272926246238728e-07,28.0,28.0,28,28
3700,0.00018408404228549002,0.00018410042416534974,1.7325008956665907e-06,0.00018050881994847716,0.00018875955482519708,50,0.00018179934501887825,0.0001862268586841028,2.450126263475227e-07,28.0,28.0,28,28
3800,0.00018414253751258407,0.00018412822085854937,1.8143802304816467e-06,0.00018072768209634785,0.00018926618746426902,50,0.0001817770116472241,0.00018617070284788486,2.565921129248767e-07,28.0,28.0,28,28
3900,0.00018420526159215443,0.00018407149759376565,1.8802484535218787e-06,0.00018093975785537315,0.00018933759666127682,50,0.00018185542325587344,0.00018652537979489157,2.6590728636016786e-07,28.0,28.0,28,28
4000,0.0001836702722361665,0.00018369162870756156,1.5720723271276718e-06,0.00018051169526478764,0.0001880552060234223,50,0.00018170120460659928,0.00018536876584254099,2.2232460060553864e-07,32.0,32.0,32,32
4100,0.00018377012430397638,0.00018373721550621498,1.611500656848306e-06,0.0001801506065374346,0.00018828974123474664,50,0.00018186073171079482,0.00018544488796443082,2.2790060846880254e-07,32.0,32.0,32,32
4200,0.00018379045865268297,0.0001836753307543372,1.6339331514732682e-06,0.000180175401829568,0.00018847763600122731,50,0.00018191125708603027,0.0001853339866826226,2.3107304228245085e-07,32.0,32.0,32,32
4300,0.0001837716285947809,0.00018362289462929646,1.6529749557146127e-06,0.00018020972486230123,0.00018865571668217696,50,0.00018193321891020624,0.000185536709583143,2.3376596006346714e-07,32.0,32.0,32,32
4400,0.00018374180983894673,0.0001836875503874369,1.6726766909131725e-06,0.0001802432129642499,0.00018880243729245318,50,0.0001819200752729772,0.0001856791562021991,2.365522061754758e-07,32.0,32.0,32,32
4500,0.0001837082903018927,0.00018357591430260504,1.6908626943807252e-06,0.0001802279136469071,0.0001888982131105574,50,0.0001818678970730082,0.00018572973486656624,2.3912409545039354e-07,32.0,32.0,32,32
4600,0.00018367862641396632,0.00018359709317903336,1.703128108549993e-06,0.00018015392767224976,0.00018892780597112185,50,0.00018183633916593316,0.00018566074422191997,2.4085868695702367e-07,32.0,32.0,32,32
4700,0.00018366254177451473,0.00018347923101773365,1.7088080434972495e-06,0.00018014132641984377,0.0001888808760903205,50,0.00018183507134955158,0.0001854581285323061,2.416619510606044e-07,32.0,32.0,32,32
4800,0.00018365831055535396,0.00018358815937463222,1.7115248205726104e-06,0.000180123118204211,0.00018875041454363616,50,0.00018191174548283864,0.00018551830237381798,2.4204616135919636e-07,32.0,32.0,32,32
4900,0.00018364939429717258,0.00018374279455328824,1.7105988399809668e-06,0.000180122924583762,0.00018853153504986469,50,0.00018173681862324894,0.0001855164393442383,2.419152079280767e-07,32.0,32.0,32,32
5000,0.00018456524029976878,0.00018452721901856482,1.6150803327442313e-06,0.00018155368795263357,0.00018859760964653533,50,0.00018226026874357097,0.0001867353464458281,2.284068510888943e-07,35.28,35.0,34,36
5100,0.00018510946563095684,0.00018503206942133287,1.7265488521206688e-06,0.0001817848073585724,0.000189317223757357,50,0.00018298749897671828,0.00018721779559400953,2.441708802768749e-07,35.28,35.0,34,36
5200,0.00018516871052493746,0.00018510481328493913,1.7238426093625307e-06,0.00018176605949353733,0.00018921956034621915,50,0.00018301641429806036,0.0001872896827481779,2.437881597557116e-07,35.28,35.0,34,36
5300,0.00018518439245202907,0.00018517902798123522,1.7201577290684717e-06,0.00018176107159550707,0.00018899402220510017,50,0.00018311931679390584,0.0001871314582464662,2.4326703898695367e-07,35.28,35.0,34,36
5400,0.00018518259406379744,0.00018521893308932397,1.7113753561092107e-06,0.000181769136619998,0.00018874960422695655,50,0.0001831328482983234,0.00018726826541901206,2.420250238920731e-07,35.28,35.0,34,36
5500,0.00018517666964036703,0.00018516728843737064,1.69955956135648e-06,0.00018178538492664544,0.00018873063807831858,50,0.00018317402469010814,0.00018744950715931675,2.403540181731202e-07,35.28,35.0,34,36
5600,0.00018517442215008705,0.00018531855231036575,1.6884985716140712e-06,0.00018180888510353372,0.0001887098247121929,50,0.00018307327969526756,0.00018745544086648077,2.387897580024218e-07,35.28,35.0,34,36
5700,0.00018518032876668755,0.00018535958057655207,1.6849320249682348e-06,0.00018175636606032597,0.0001886977429394371,50,0.00018293007739351674,0.00018720906875166905,2.3828537213868398e-07,35.28,35.0,34,36
5800,0.00018519566274505854,0.00018540058271033317,1.6883643930122853e-06,0.00018171390975792968,0.00018868987778269063,50,0.00018286600372133656,0.00018704280860897438,2.3877078228257924e-07,35.28,35.0,34,36
5900,0.00018520956943731564,0.00018537092845881853,1.693575604178431e-06,0.00018174482974199707,0.00018867741274895288,50,0.00018282948233878861,0.000187325181775438,2.3950775883333454e-07,35.28,35.0,34,36
6000,0.00018421185150794596,0.00018426125395062378,1.8846628321428542e-06,0.00017923046470188,0.00018873208333488358,50,0.0001820713446902474,0.0001864026045396176,2.665315737716912e-07,37.36,37.0,35,40
6100,0.00018416230261765191,0.00018420062825036943,2.1122979274900457e-06,0.0001791277920372558,0.0001894190210574603,50,0.00018185223675476505,0.00018655646064216687,2.987240376829003e-07,37.36,37.0,35,40
6200,0.0001842071603932452,0.00018433214642023702,2.115301261626832e-06,0.0001792629289623961,0.00018947802011577637,50,0.0001818852359997013,0.00018659697565347798,2.991487732697584e-07,37.36,37.0,35,40
6300,0.000184250291038597,0.0001844348960088391,2.106674547937904e-06,0.00017933932881237298,0.00018947571524833415,50,0.00018189969010766325,0.00018654328800009543,2.979287717199993e-07,37.36,37.0,35,40
6400,0.00018429198049924834,0.00018439215528939177,2.0986175299069356e-06,0.00017936763850003707,0.00018946527869158925,50,0.0001818442601189288,0.00018651598077066493,2.9678933730283125e-07,37.36,37.0,35,40
6500,0.00018433323841497525,0.00018434120005952193,2.0916786689157484e-06,0.00017936894313979056,0.00018944711676056273,50,0.0001818140306392305,0.00018665187466868462,2.9580803417071543e-07,37.36,37.0,35,40
6600,0.00018437514332252884,0.00018429096092529519,2.085143485125289e-06,0.0001793569876701395,0.00018941872435177017,50,0.00018179884599658883,0.00018674486138520687,2.9488381961580856e-07,37.36,37.0,35,40
6700,0.0001844181900418879,0.00018429732267935962,2.078921097312095e-06,0.00017934027051701564,0.00018937995923580918,50,0.00018180693926187603,0.00018678893685527477,2.9400384109223217e-07,37.36,37.0,35,40
6800,0.00018446143678381186,0.00018435409571639013,2.0745517243548532e-06,0.00017932444991245806,0.00018933378867599989,50,0.00018197543096224432,0.00018689200983473171,2.933859184427124e-07,37.36,37.0,35,40
6900,0.0001845036799059614,0.0001844616802326059,2.0739892460083426e-06,0.00017931432271948536,0.00018928455663649605,50,0.0001821921146081147,0.00018698697426327275,2.9330637199209474e-07,37.36,37.0,35,40
7000,0.00018271090867784542,0.0001829389990131259,1.9293657278096254e-06,0.00017879156090106008,0.00018673099011397618,50,0.00018040817374519478,0.0001850822406037569,2.7285351790462093e-07,39.34,39.5,37,41
7100,0.00018257768344577145,0.00018298228567023691,1.8893599469484976e-06,0.00017875006223237177,0.00018675851855298476,50,0.00018024351070551026,0.00018476021551443547,2.6719584611790765e-07,39.34,39.5,37,41
7200,0.00018259737639219608,0.00018301520838572276,1.8983274081199551e-06,0.00017881819309193076,0.00018697787481639636,50,0.00018028158354509895,0.00018483675776874791,2.6846403663878057e-07,39.34,39.5,37,41
7300,0.00018261224894451305,0.0001830392587403613,1.9091511283243184e-06,0.00017884150814014962,0.00018717397616567776,50,0.00018027142913219134,0.00018491274564978264,2.699947418296148e-07,39.34,39.5,37,41
7400,0.00018262181211338744,0.00018302368432491297,1.9150000190431907e-06,0.000178835512869035,0.000187298785962854,50,0.00018030413158213755,0.0001849942709383592,2.7082189988756156e-07,39.34,39.5,37,41
7500,0.00018262768063814192,0.00018297666629695143,1.9177490032845885e-06,0.00017881517373227987,0.00018738514551359763,50,0.00018028436524391276,0.0001850117111011541,2.71210664967255e-07,39.34,39.5,37,41
7600,0.00018263180890577344,0.00018292747523869968,1.920502289348307e-06,0.0001787884124432061,0.00018747413787739963,50,0.00018022620194216546,0.0001850270681503923,2.7160003841649537e-07,39.34,39.5,37,41
7700,0.0001826357310188071,0.00018287834568186213,1.9253160943041142e-06,0.00017875853669477098,0.0001875912311408657,50,0.00018017160853976369,0.00018504910320587232,2.722808132420075e-07,39.34,39.5,37,41
7800,0.00018264193483208822,0.00018283100014159268,1.9365281334134206e-06,0.00017872747309507754,0.00018780789857233211,50,0.00018030060474382657,0.00018506879865464558,2.738664350190314e-07,39.34,39.5,37,41
7900,0.00018264742768836262,0.00018277426307954252,1.942987875123665e-06,0.0001786970934397355,0.0001879138418132499,50,0.0001803427049291855,0.00018508887684788009,2.747799804526369e-07,39.34,39.5,37,41
8000,0.00018097158336802008,0.00018120756036055157,1.5483835334093549e-06,0.00017722949558126712,0.0001834245280021938,50,0.00017896373002137568,0.00018288868283185549,2.1897449927026838e-07,42.48,43.0,39,45
8100,0.0001809067734594228,0.00018108709210812188,1.5279538826137478e-06,0.00017750902132679592,0.00018317507855574418,50,0.00017901008143839678,0.0001828490641455179,2.16085310347299e-07,42.48,43.0,39,45
8200,0.00018091674779984818,0.00018111398846307956,1.5168581147452098e-06,0.00017755747329393874,0.00018341033340072704,50,0.00017898120896697864,0.00018284480541105514,2.14516131806836e-07,42.48,43.0,39,45
8300,0.00018092561796643144,0.0001811158393090043,1.5105874329765129e-06,0.00017759307886454646,0.00018366491101430243,50,0.00017897902253831457,0.00018284086307283166,2.136293234865743e-07,42.48,43.0,39,45
8400,0.0001809333052435435,0.00018114874048854625,1.5138408690431946e-06,0.0001776279821068765,0.0001840072789616243,50,0.0001789685742837057,0.00018283908496963543,2.1408942882755582e-07,42.48,43.0,39,45
8500,0.00018094139049467078,0.00018116143811464216,1.5282330560990638e-06,0.000177655307124898,0.00018446118979345867,50,0.00017896007690342464,0.00018282717389977193,2.161247914402179e-07,42.48,43.0,39,45
8600,0.00018095157346710927,0.0001811800236758821,1.5564151371570471e-06,0.00017767077913441063,0.00018505937929172905,50,0.0001789576498253151,0.000182800643121716,2.201103395650277e-07,42.48,43.0,39,45
8700,0.0001809653974050635,0.0001811804436275533,1.6031041512804495e-06,0.00017767416535198778,0.00018585185240358717,50,0.00017893713605732678,0.00018277593682359077,2.2671316326374214e-07,42.48,43.0,39,45
8800,0.00018098553709269377,0.0001812082976724534,1.6776886933211636e-06,0.000177667558881747,0.00018691630853212652,50,0.0001789220051150466,0.00018275132641640808,2.3726101035347855e-07,42.48,43.0,39,45
8900,0.00018101647421157687,0.00018123274667049277,1.7973141565629646e-06,0.00017765485195209474,0.00018838068434942422,50,0.00017891365301212777,0.00018273924954470867,2.5417860560565046e-07,42.48,43.0,39,45
9000,0.00017984827778349887,0.00017973058293175223,1.935960922588305e-06,0.0001767169581496304,0.00019040879667318116,50,0.00017796085793959378,0.00018111252520439875,2.737862192948711e-07,46.42,47.0,43,49
9100,0.00017987852011755584,0.00017965270961423386,2.077441910841919e-06,0.00017671446441552388,0.00019160599110509087,50,0.00017790499336825023,0.00018128051599276878,2.93794652535492e-07,46.42,47.0,43,49
9200,0.00017995098319235304,0.0001796691332858879,2.284332109151133e-06,0.0001767389590195383,0.00019335674810217908,50,0.0001779656046711757,0.0001812923939159315,3.230533449725869e-07,46.42,47.0,43,49
9300,0.00018003701632891462,0.00017971897174662202,2.604929339109668e-06,0.00017675013747139705,0.00019592580636059752,50,0.00017802034906752224,0.0001813229474400159,3.6839264003924756e-07,46.42,47.0,43,49
9400,0.00018014952822155246,0.00017974266920537096,3.088721838539767e-06,0.0001767580186539261,0.00019965273679176706,50,0.00017806540911342075,0.00018146628095663328,4.3681123144609e-07,46.42,47.0,43,49
9500,0.00018030468927288646,0.0001797462461188873,3.829214516200258e-06,0.00017676705387197205,0.0002051890755083425,50,0.00017806275117751352,0.00018148334958102995,5.415327102046335e-07,46.42,47.0,43,49
9600,0.00018052867072348744,0.00017974965275533705,4.991556778538044e-06,0.00017677826200747726,0.00021369186756582618,50,0.00017802795959826335,0.00018170114050565384,7.059127293563857e-07,46.42,47.0,43,49
9700,0.00018086732292745623,0.00017982155836825738,6.870239707905608e-06,0.000176792404449432,0.0002272355812613856,50,0.00017809468031377678,0.00018197468180985172,9.71598617167428e-07,46.42,47.0,43,49
9800,0.00018139862492589425,0.00017980532533783694,9.965854603579633e-06,0.00017681028125698207,0.00024935070063657005,50,0.00017811671857096768,0.00018230034634324956,1.409384674102066e-06,46.42,47.0,43,49
9900,0.00018211827346085234,0.00017980395956109603,1.4217694098593354e-05,0.000176832720070736,0.0002795512679780261,50,0.0001780764803628637,0.00018246941477778004,2.010685581990264e-06,46.42,47.0,43,49
10000,0.00018215189224100105,0.0001790387486202261,1.9569539241940694e-05,0.0001762981134200138,0.0003168504547365538,50,0.00017707203923047888,0.0001814253933563071,2.7675507805345025e-06,50.26,51.0,46,53
10100,0.00018242094845489845,0.00017908136160222336,2.0845676594704533e-05,0.00017621443096098568,0.00032585625211735235,50,0.00017700479636636462,0.00018153933689257415,2.9480238557074544e-06,50.26,51.0,46,53
10200,0.0001831161228571747,0.00017912005884488253,2.495923958914832e-05,0.00017623478188911348,0.00035498591517815894,50,0.00017698183484532597,0.00018172780726452228,3.529769513349303e-06,50.26,51.0,46,53
10300,0.00018414375598914967,0.00017914183659865077,3.116851956070574e-05,0.00017624893789888795,0.00039891491947401873,50,0.00017696284179664808,0.00018211603503248222,4.407894308184116e-06,50.26,51.0,46,53
10400,0.00018561491254548185,0.0001791682452405561,4.011579346624369e-05,0.00017625735582942826,0.000462153841429102,50,0.0001769433374536742,0.0001826230605078591,5.673229918531981e-06,50.26,51.0,46,53
10500,0.00018774336724277697,0.00017920387774923117,5.3088275897459214e-05,0.00017626075924020057,0.0005537600925152747,50,0.00017692362192376718,0.00018321696404787646,7.5078159777191515e-06,50.26,51.0,46,53
10600,0.00019089846882901833,0.0001792082259009531,7.23306724922682e-05,0.00017626033477791773,0.0006895295407386191,50,0.0001769043141139948,0.00018365262616025,1.0229101801413224e-05,50.26,51.0,46,53
10700,0.00019690887057456413,0.0001792596457334703,0.00011012454621624847,0.00017625746335538618,0.0009564826684182598,50,0.0001768919094479553,0.00018418888372986102,1.557396268092013e-05,50.26,51.0,46,53
10800,0.0002051934806762883,0.00017934824806345445,0.00016142202237528453,0.0001762534473507051,0.0013183529839371011,50,0.00017691284122104943,0.00018471897584470276,2.2828521330882058e-05,50.26,51.0,46,53
10900,0.00021652976219248458,0.0001794547914775601,0.00023090072696384757,0.00017624948039361664,0.0018080864207769905,50,0.00017697198791727348,0.00018532684585205084,3.265429396340802e-05,50.26,51.0,46,53
11000,0.00021687273096247675,0.0001789499254721853,0.000248975375399628,0.00017671917185658432,0.0019400025425605105,50,0.00017703099638527456,0.00018425400750249926,3.5210435258708656e-05,52.76,53.0,49,56
11100,0.00021407404303339146,0.00017891780028511775,0.0002275961481277092,0.0001768527450477003,0.0017888788594341628,50,0.00017713468439831131,0.00018447516609807114,3.218695594260823e-05,52.76,53.0,49,56
11200,0.00021234956912945366,0.00017892040982618677,0.00021246917555769904,0.0001768980317411843,0.0016819266627533718,50,0.00017723148653609442,0.00018483804330128464,3.004767896599281e-05,52.76,53.0,49,56
11300,0.00021353290580748878,0.00017894430232780743,0.00021355363679979658,0.00017693891569897999,0.001688196433514838,50,0.00017728233472299494,0.0001854314507386921,3.020104494563704e-05,52.76,53.0,49,56
11400,0.00021787053522001116,0.00017899337338090287,0.00022885494925992627,0.0001769814470175757,0.0017878388978327608,50,0.0001772976993369839,0.0001857645978861803,3.2364977305959424e-05,52.76,53.0,49,56
11500,0.00022631179108377326,0.00017906877224446873,0.0002600992347371345,0.00017702641776550247,0.0019731734120710448,50,0.00017731744745963442,0.00018660310757110253,3.678358653281188e-05,52.76,53.0,49,56
11600,0.00024348816547547003,0.00017915148588382136,0.0003266220888785267,0.00017704850960054404,0.0022942702442226588,50,0.00017737169053315944,0.00018777074521476547,4.619133878626429e-05,52.76,53.0,49,56
11700,0.000274386124535906,0.00017921001244706482,0.00046094660025924926,0.0001770500212720977,0.0027872591230175335,50,0.00017745722341179504,0.00018940098314038957,6.518769336163999e-05,52.76,53.0,49,56
11800,0.0003283211128997432,0.00017925443648123077,0.0007237554306985655,0.00017705549077353243,0.00410078056631945,50,0.00017747294342522314,0.00019170003821864423,0.0001023544745935092,52.76,53.0,49,56
11900,0.00039999942904950307,0.00017930091079096237,0.001102622840151637,0.00017706551337631613,0.006857871253248001,50,0.00017755396264591708,0.00019498647036783249,0.0001559344174724786,52.76,53.0,49,56
12000,0.0002735503178523411,0.00017926049993434302,0.0004580403765080533,0.00017708068607734097,0.0028861098276476388,50,0.00017753068860987888,0.00019317335722134565,6.477669125721678e-05,53.82,54.0,49,59
12100,0.00030870719577641604,0.00017933017705222564,0.0006211006769579732,0.00017710162156614958,0.0034437248731875895,50,0.00017753661190549226,0.00019367467973385196,8.78369000953076e-05,53.82,54.0,49,59
12200,0.0003193207005754403,0.00017942837748071544,0.0006692248074551882,0.00017712898790806116,0.003654015813977733,50,0.00017756775542246105,0.00020018159040496273,9.464267989796503e-05,53.82,54.0,49,59
12300,0.00032488867707338354,0.00017946888998313107,0.0006899357061067588,0.00017716220869413985,0.0036926780319163914,50,0.00017766760808535014,0.00021125266032018678,9.757164327416361e-05,53.82,54.0,49,59
12400,0.0003264923718492854,0.0001796685056993438,0.0006875367767067273,0.0001771952325531108,0.0037936099333762247,50,0.00017768361328113149,0.00022868748503765835,9.723238342489361e-05,53.82,54.0,49,59
12500,0.0003199176717455507,0.00017994875014032936,0.0006457547810045676,0.00017723438675328092,0.003920138004898245,50,0.00017776485072853402,0.0002524740374205075,9.132351692639273e-05,53.82,54.0,49,59
12600,0.00031486393735702547,0.0001800587883439405,0.0006111267089138136,0.00017728159201619076,0.0039835407489139715,50,0.00017777274496627048,0.00028693000865069606,8.642636800743498e-05,53.82,54.0,49,59
12700,0.0003172545796700534,0.0001803212331856862,0.0005968156656489331,0.00017733829737276018,0.003974691695201209,50,0.00017775956054357853,0.0003313919396258374,8.440248085974477e-05,53.82,54.0,49,59
12800,0.00032136835223566624,0.00018057233844014016,0.0005740891733220449,0.00017740225844846286,0.00384549813796348,50,0.00017774663047912464,0.00036847481975757756,8.118846949235943e-05,53.82,54.0,49,59
12900,0.0003313342825519533,0.00018088711947503134,0.0005770158277219772,0.0001774547192341419,0.003801334133695989,50,0.00017773507107715495,0.0004131263230201948,8.160236092683574e-05,53.82,54.0,49,59
13000,0.0003723205677373365,0.00018128215242278322,0.0007781723272502754,0.00017754655429142347,0.0049951416171331794,50,0.00017772248521790004,0.0004512474803602939,0.00011005018590607739,54.66,55.0,49,60
13100,0.00039540371472074386,0.0001813787622388183,0.0008672708103685838,0.0001775819602565406,0.004977140392206215,50,0.00017777678833510167,0.00038260882650766807,0.00012265061422735558,54.66,55.0,49,60
13200,0.00042681445187863284,0.000181441034487448,0.0010179958455280287,0.00017760926716975142,0.0056928096212501035,50,0.0001778688655923062,0.00034927346726301624,0.00014396635311852044,54.66,55.0,49,60
13300,0.00042007123649523214,0.00018151157034087764,0.0009822591894645817,0.0001776228174718817,0.005748816215811857,50,0.00017794628964665183,0.00033114510721334793,0.00013891242675064149,54.66,55.0,49,60
13400,0.0004175953214238671,0.00018159059570920725,0.000943908271654125,0.00017763115377644704,0.005458292289116832,50,0.0001780248787297943,0.0003422316438563108,0.0001334887879409411,54.66,55.0,49,60
13500,0.00040885991837400577,0.00018167573040323985,0.0008480296275657525,0.00017763880163145927,0.004806908607015321,50,0.00017817338017691014,0.0004157849890772576,0.0001199295000597692,54.66,55.0,49,60
13600,0.0004231575815482476,0.00018186958101916708,0.000819747648177501,0.00017764389728747607,0.00438210129806182,50,0.00017817154173239985,0.0005044850724599321,0.00011592982417760703,54.66,55.0,49,60
13700,0.00042190382337518406,0.00018208520016143608,0.0007812758414001658,0.00017763129607427822,0.004516695440113114,50,0.00017822468018555425,0.0005745083677466514,0.00011048908908625657,54.66,55.0,49,60
13800,0.0004595478296122258,0.00018229708928661016,0.0008819916660607885,0.00017761895499763665,0.005360314417647647,50,0.00017830442473641865,0.000678122176295492,0.00012473245760432088,54.66,55.0,49,60
13900,0.0004582514021357379,0.00018258954626394498,0.0008771994637801463,0.00017760984038202947,0.005108505009179858,50,0.00017838194983417922,0.000922081502260611,0.00012405473785842894,54.66,55.0,49,60
14000,0.00030544489982011825,0.00018221907464606956,0.0004297122016640755,6.283543316115067e-05,0.0029093250874527464,50,0.00017808447439891044,0.00037908858443565317,6.0770482351053795e-05,55.54,55.0,49,64
14100,0.0003675244984637928,0.00018361887759683893,0.0006185550239168477,9.799788476378591e-05,0.0031618933894215933,50,0.00017808737768194215,0.00037014022299461206,8.747689038972201e-05,55.54,55.0,49,64
14200,0.00044504108384842264,0.00018447608529084805,0.000838659504664838,0.00012119090459843056,0.003872394324744893,50,0.0001781486601569542,0.00036424120662051503,0.00011860436457101158,55.54,55.0,49,64
14300,0.0004780575159356835,0.00018576908417623406,0.0009420083078301108,0.00017757431973169257,0.0045808588998635736,50,0.00017837839349657797,0.00037667239698085464,0.0001332200924801472,55.54,55.0,49,64
14400,0.00045442461919580345,0.00018681083921537307,0.0008968037903718287,9.195750866998756e-05,0.00438556802887412,50,0.0001782885090682681,0.00039418571008559755,0.00012682720831314382,55.54,55.0,49,64
14500,0.0004719841923602355,0.00018828759269083595,0.001022878889897675,4.002451641945204e-05,0.00560028562272507,50,0.0001783529630480127,0.00041089508030281614,0.00014465691987584277,55.54,55.0,49,64
14600,0.0005134803682722785,0.00018955604057296877,0.0011367010876045319,0.00011066045395138726,0.006534941240774803,50,0.00017834892763383587,0.0004518946498236277,0.00016075380944545765,55.54,55.0,49,64
14700,0.0005826883781439194,0.00019297071722937058,0.001277241773032031,8.774368890631547e-05,0.006979318817130062,50,0.0001783502146276173,0.0004971322904323314,0.00018062926378513568,55.54,55.0,49,64
14800,0.0006169254821888608,0.00019712314013357302,0.0013284111327823234,0.00017754982502375005,0.007006690894163748,50,0.00017866066667064463,0.0006364585149311456,0.0001878657040388168,55.54,55.0,49,64
14900,0.00068364159227085,0.00020497079447740635,0.0013537150016182727,0.00017754755762532372,0.007005799476431966,50,0.0001786783650130996,0.001208631101234888,0.00019144421148764774,55.54,55.0,49,64
15000,0.0004376946468826108,0.00019479171657838006,0.0007102775884786527,0.00012583380148113512,0.004194296835927774,50,0.00017796086522897005,0.0006042345696877273,0.00010044841986761665,56.9,57.0,49,66
15100,0.0005245965595817093,0.00019970742016899343,0.000856009658788636,0.00017754441068404192,0.004549125942142134,50,0.00017837508828154192,0.0011852738726472803,0.00012105804689812544,56.9,57.0,49,66
15200,0.0005617965377019103,0.00020023815375797685,0.0009273756725191463,0.0001775239542760911,0.004646053444516606,50,0.0001787388510235777,0.001248234741975133,0.00013115072534914467,56.9,57.0,49,66
15300,0.0005593524168088283,0.00020338664569535076,0.0009334191528661531,0.00017754301021839235,0.00470886401341859,50,0.00017872699028139376,0.0012208584182791828,0.0001320054025362119,56.9,57.0,49,66
15400,0.0006349295465584001,0.00020384275127659723,0.0010072587558192963,0.00017754335318294906,0.004749694075832221,50,0.00017874087214713537,0.0017534867559338694,0.00014244789932986985,56.9,57.0,49,66
15500,0.0006954877861813657,0.0002142894780441257,0.0010919676857236256,0.00017754458744801698,0.004735917763645593,50,0.0001787562697045412,0.0024044601464126604,0.00015442755108235128,56.9,57.0,49,66
15600,0.0008109757205023585,0.000221190238969901,0.001370308694963141,0.00017754657988850253,0.005522010253382522,50,0.0001787754467637961,0.0029685954115411806,0.00019379091410546504,56.9,57.0,49,66
15700,0.0010176390122499438,0.000222852815246369,0.0019996835575112424,0.00017754705776177915,0.011100957452135003,50,0.00017879612332006645,0.0035542351309412116,0.0002827979607486878,56.9,57.0,49,66
15800,0.0015907795411008543,0.00022548116622131756,0.00500477037620336,0.00017755085187443512,0.03458126711697076,50,0.00017881843975746687,0.004144034120890132,0.0007077814142589888,56.9,57.0,49,66
15900,0.0019603174001774845,0.0002319221772423532,0.006789933714624545,0.0001775541255655159,0.04744194748524202,50,0.00017884280576319783,0.0044074503811632314,0.000960241634683636,56.9,57.0,49,66
16000,0.0019894722352132186,0.0002327576633943233,0.007720178340203477,0.00017755822021974218,0.05445251361970535,50,0.00017886113387241063,0.004227379953474123,0.0010917980912654767,58.06,58.0,52,69
16100,0.002263357588699435,0.00023177006376490214,0.009564995511520414,0.00017756282312527929,0.06772077229546906,50,0.00017888369690356184,0.004100741290003505,0.0013526946376429948,58.06,58.0,52,69
16200,0.0023117140414847543,0.00022913932850780348,0.009810796744550777,3.486604427793666e-05,0.06944025956688349,50,0.00017882288931188,0.004193870941641009,0.0013874561813829519,58.06,58.0,52,69
16300,0.002312275216289711,0.0002320685401649209,0.009896354677320704,5.05768584631338e-05,0.07000855693389842,50,0.00017882446484393188,0.004159946968608688,0.0013995559002721355,58.06,58.0,52,69
16400,0.002365057867935896,0.00023380311564884942,0.00990778319819527,0.00017757822036875426,0.07015546860093644,50,0.00017892761151421413,0.0040747029782373136,0.0014011721371940031,58.06,58.0,52,69
16500,0.002405033263120388,0.0002473134668166324,0.009901609404247592,0.0001775851542645514,0.07012462405355412,50,0.00017894520995985166,0.0042363107584636964,0.0014002990308807927,58.06,58.0,52,69
16600,0.0024744580685614518,0.0002562731181629285,0.009917533896421435,0.00017760005236787144,0.0702369508828646,50,0.00017896215478994593,0.0042845242954216885,0.0014025510941614078,58.06,58.0,52,69
16700,0.002505996488969317,0.00026675166291996433,0.009964777901421105,0.0001775988751424487,0.07058563186193266,50,0.00017897622583230348,0.004032009422568796,0.0014092324054225435,58.06,58.0,52,69
16800,0.002341990617914616,0.000276338635717249,0.009993792946438493,0.0001776069068635198,0.07102899238823408,50,0.00017899451475082693,0.0031786930580305246,0.001413335752440189,58.06,58.0,52,69
16900,0.0024366226372333263,0.000290577547918398,0.010074132263061706,0.0001776160870343929,0.07163469531550054,50,0.00017901522937562316,0.003293671485288689,0.0014246974475562225,58.06,58.0,52,69
17000,0.0022320281768450794,0.0002802629768687763,0.009417291727901726,0.000177626396808738,0.06699941001549375,50,0.00017903873889702775,0.0030102809668411763,0.0013318061682422578,59.08,59.0,52,70
17100,0.002384446283611345,0.00028357273065148295,0.009625803057595304,0.0001776367978988816,0.06842844802105198,50,0.00017906029801366397,0.0034984308450698182,0.0013612941232783685,59.08,59.0,52,70
17200,0.0025055063960723687,0.00029700135734501314,0.009726897213023016,0.00017764548130631326,0.06904991430718169,50,0.0001790871804095526,0.0041116223990967414,0.001375590995846621,59.08,59.0,52,70
17300,0.0026800909984253545,0.0003162768722830215,0.009802387317802768,0.000177656913399271,0.06945774430227049,50,0.00017910560029902835,0.005049777385907072,0.00138626690884707,59.08,59.0,52,70
17400,0.0027508034744917836,0.00034363264896869217,0.009787886159013801,0.00017766979014947833,0.06922285868799473,50,0.00017915710243554832,0.005138590219830066,0.0013842161353041218,59.08,59.0,52,70
17500,0.002870832442696294,0.00034199126118069425,0.009708118205830852,7.269660976483148e-05,0.06832024767647647,50,0.0001789330561111396,0.005025902016954682,0.001372935243180715,59.08,59.0,52,70
17600,0.0030481117134149964,0.0003958993883677275,0.009621676647168285,0.0001776962753159919,0.06692426604001105,50,0.00017923535192682007,0.00504069738403517,0.0013607105607193878,59.08,59.0,52,70
17700,0.0032800074171027527,0.0004067657669391978,0.0097041376519427,9.765981367270973e-06,0.06553506522304581,50,0.00017896022268476888,0.005381744597190599,0.0013723723078512765,59.08,59.0,52,70
17800,0.0034349157848177414,0.0004730524525588301,0.009569232731661197,0.00017772578115843402,0.06252922853910022,50,0.000179389817748043,0.006060972302746935,0.0013532938710619806,59.08,59.0,52,70
17900,0.008002223065456176,0.0005423225366264597,0.03351194015203498,0.00017774291281132302,0.23189418789591068,50,0.00017948400941417177,0.008758239215204931,0.004739304026444334,59.08,59.0,52,70
18000,0.003317649330393633,0.0005105979223508126,0.00958262012663475,7.77789794707381e-05,0.0593506311329686,50,0.00017900171463004384,0.004519333594410045,0.0013551871346156247,60.1,60.0,52,71
18100,0.0035500869277802476,0.0004913046476476078,0.010068354904966078,0.00017773178355276118,0.06007936008900083,50,0.0001797405202344677,0.004897939154677742,0.00142388040573887,60.1,60.0,52,71
18200,0.0038981647763287343,0.0005059215567885667,0.010503362715245079,0.00017261846890368406,0.060235095506673275,50,0.00017903711966834525,0.005784251266513408,0.0014853998002423486,60.1,60.0,52,71
18300,0.004509714365099697,0.0005512788935116942,0.011255808844341438,0.00017771317504771005,0.05999853644939889,50,0.0001801373775525703,0.006590092401008568,0.0015918117523146694,60.1,60.0,52,71
18400,0.005416832225144601,0.0006448688773640894,0.012593751358831779,0.00017770353285543198,0.059883613377295745,50,0.00018039730937252044,0.008449158373611577,0.0017810253972814496,60.1,60.0,52,71
18500,0.006233290271139333,0.000729512671540108,0.014269918833665896,0.00017763960120797622,0.060197032676160014,50,0.00018072124346148863,0.01007189963899678,0.002018071274853357,60.1,60.0,52,71
18600,0.006580933270915026,0.0007502501083336475,0.014993542389092574,0.00017768373669727996,0.06102264826250644,50,0.0001811287939837777,0.009772351833632292,0.0021204070994670617,60.1,60.0,52,71
18700,0.007073694893137132,0.0009488183669549488,0.015699633607136745,0.00017767582942070437,0.06194831144949207,50,0.00018130292612529258,0.014630350279089422,0.002220263477150122,60.1,60.0,52,71
18800,0.007972414822852117,0.0012105300713339635,0.016991614255052967,0.00017766824679116955,0.06299287680989206,50,0.00018132845104986138,0.03397850709564915,0.002402977132610792,60.1,60.0,52,71
18900,0.008657517368580156,0.0013826556112193254,0.018340139977407872,0.0001776613117478215,0.06795655808016857,50,0.00018135623798482827,0.043776591803623414,0.00259368746918712,60.1,60.0,52,71
19000,0.009337877514215928,0.0011585347187097314,0.021243059915779353,0.00016046574090747978,0.08349106875650861,50,0.00017918409636755926,0.043513853797020226,0.003004222343919942,61.34,61.0,53,71
19100,0.010289124637976868,0.001701046690761239,0.023406210006565734,8.341709698280563e-05,0.08738878136869319,50,0.00017919561232009022,0.04336541991000104,0.003310137963503811,61.34,61.0,53,71
19200,0.011057278690122654,0.0014812601503846159,0.024510253895479818,0.00017764822637838176,0.08976893984386242,50,0.00018144401693075569,0.03989544262263397,0.0034662733476195544,61.34,61.0,53,71
19300,0.01439198073713069,0.0016673135170203702,0.03636059411695863,4.180038196696386e-05,0.20743671020092733,50,0.00017923207356586478,0.06742782049321198,0.005142164533614627,61.34,61.0,53,71
19400,0.0378332453763504,0.0018127574968547534,0.19419981576434506,0.00011499396088644588,1.37351849433998,50,0.00017925175935169018,0.06653706402504773,0.027464001326429316,61.34,61.0,53,71
19500,0.03305647416649002,0.0018431987255010144,0.14377601818084615,0.00017765004498556324,1.0000000000097091,50,0.0001815325567268694,0.06646188556462898,0.02033299948553533,61.34,61.0,53,71
19600,0.0367674196545671,0.001250063567310098,0.15091488542980913,0.0001776578362569287,1.0,50,0.0001815584860503714,0.05288927940000257,0.021342587773881785,61.34,61.0,53,71
19700,0.036590299495821765,0.0019268671649789305,0.14582715011465833,0.00017766719045550557,1.0,50,0.00018158751094830497,0.08170346451391937,0.020623073345436706,61.34,61.0,53,71
19800,0.13623946360445197,0.0022077444032600133,0.6943930153199924,1.5015275718488742e-05,4.826248052003722,50,0.00017903851989604263,0.07882839024200909,0.09820200198826816,61.34,61.0,53,71
19900,0.061749798399546973,0.0024835321422151417,0.2176250553238639,0.00017771290041003362,1.0842853385858704,50,0.00018165358384800753,0.07604909445575338,0.030776830475120344,61.34,61.0,53,71
